{"py/object": "Sto.StoDocument.StoDocument", "_title_page": {"py/object": "Sto.Title.TitlePage", "_paragraphs": [{"py/object": "Sto.Title.ForHelpTitlePageCenter", "_text": "\u0424\u0435\u0434\u0435\u0440\u0430\u043b\u044c\u043d\u043e\u0435 \u0433\u043e\u0441\u0443\u0434\u0430\u0440\u0441\u0442\u0432\u0435\u043d\u043d\u043e\u0435 \u0430\u0432\u0442\u043e\u043d\u043e\u043c\u043d\u043e\u0435", "_type": "TypeForHelpTitlePageCenter"}, {"py/object": "Sto.Title.ForHelpTitlePageCenter", "_text": "\u043e\u0431\u0440\u0430\u0437\u043e\u0432\u0430\u0442\u0435\u043b\u044c\u043d\u043e\u0435 \u0443\u0447\u0440\u0435\u0436\u0434\u0435\u043d\u0438\u0435", "_type": "TypeForHelpTitlePageCenter"}, {"py/object": "Sto.Title.ForHelpTitlePageCenter", "_text": "\u0432\u044b\u0441\u0448\u0435\u0433\u043e \u043e\u0431\u0440\u0430\u0437\u043e\u0432\u0430\u043d\u0438\u044f", "_type": "TypeForHelpTitlePageCenter"}, {"py/object": "Sto.Title.ForHelpTitlePageCenter", "_text": "\u00ab\u0421\u0418\u0411\u0418\u0420\u0421\u041a\u0418\u0419 \u0424\u0415\u0414\u0415\u0420\u0410\u041b\u042c\u041d\u042b\u0419 \u0423\u041d\u0418\u0412\u0415\u0420\u0421\u0418\u0422\u0415\u0422\u00bb", "_type": "TypeForHelpTitlePageCenter"}, {"py/object": "Sto.Title.ForHelpTitlePageCenter", "_text": "", "_type": "TypeForHelpTitlePageCenter"}, {"py/object": "Sto.Title.DepartmentAndSubject", "_text": "\u0418\u043d\u0441\u0442\u0438\u0442\u0443\u0442 \u041a\u043e\u0441\u043c\u0438\u0447\u0435\u0441\u043a\u0438\u0445 \u0438 \u0438\u043d\u0444\u043e\u0440\u043c\u0430\u0446\u0438\u043e\u043d\u043d\u044b\u0445 \u0442\u0435\u0445\u043d\u043e\u043b\u043e\u0433\u0438\u0439", "_type": "DepartmentAndSubject"}, {"py/object": "Sto.Title.Subscript", "_text": "\u0438\u043d\u0441\u0442\u0438\u0442\u0443\u0442", "_type": "Subscript"}, {"py/object": "Sto.Title.DepartmentAndSubject", "_text": "\u041a\u0430\u0444\u0435\u0434\u0440\u0430 \u00ab\u0418\u043d\u0444\u043e\u0440\u043c\u0430\u0442\u0438\u043a\u0430\u00bb", "_type": "DepartmentAndSubject"}, {"py/object": "Sto.Title.Subscript", "_text": "\u043a\u0430\u0444\u0435\u0434\u0440\u0430", "_type": "Subscript"}, {"py/object": "Sto.Title.ForHelpTitlePageCenter", "_text": "", "_type": "TypeForHelpTitlePageCenter"}, {"py/object": "Sto.Title.ForHelpTitlePageCenter", "_text": "", "_type": "TypeForHelpTitlePageCenter"}, {"py/object": "Sto.Title.ForHelpTitlePageCenter", "_text": "", "_type": "TypeForHelpTitlePageCenter"}, {"py/object": "Sto.Title.ForHelpTitlePageCenter", "_text": "", "_type": "TypeForHelpTitlePageCenter"}, {"py/object": "Sto.Title.ForHelpTitlePageCenter", "_text": "", "_type": "TypeForHelpTitlePageCenter"}, {"py/object": "Sto.Title.ForHelpTitlePageCenter", "_text": "", "_type": "TypeForHelpTitlePageCenter"}, {"py/object": "Sto.Title.ForHelpTitlePageCenter", "_text": "", "_type": "TypeForHelpTitlePageCenter"}, {"py/object": "Sto.Title.ForHelpTitlePageCenter", "_text": "", "_type": "TypeForHelpTitlePageCenter"}, {"py/object": "Sto.Title.ForHelpTitlePageCenter", "_text": "", "_type": "TypeForHelpTitlePageCenter"}, {"py/object": "Sto.Title.ForHelpTitlePageCenter", "_text": "", "_type": "TypeForHelpTitlePageCenter"}, {"py/object": "Sto.Title.JobTitle", "_text": "\u041e\u0422\u0427\u0415\u0422 \u041f\u041e \u041b\u0410\u0411\u041e\u0420\u0410\u0422\u041e\u0420\u041d\u041e\u0419 \u0420\u0410\u0411\u041e\u0422\u0415 \u21163", "_type": "JobTitle"}, {"py/object": "Sto.Title.ForHelpTitlePageCenter", "_text": "", "_type": "TypeForHelpTitlePageCenter"}, {"py/object": "Sto.Title.DepartmentAndSubject", "_text": "\u041c\u0430\u0441\u0441\u0438\u0432\u044b, \u0441\u0442\u0440\u043e\u043a\u0438, \u043a\u043e\u043b\u043b\u0435\u043a\u0446\u0438\u0438, \u043a\u043e\u0440\u0442\u0435\u0436\u0438", "_type": "DepartmentAndSubject"}, {"py/object": "Sto.Title.Subscript", "_text": "\u0442\u0435\u043c\u0430", "_type": "Subscript"}, {"py/object": "Sto.Title.ForHelpTitlePageCenter", "_text": "", "_type": "TypeForHelpTitlePageCenter"}, {"py/object": "Sto.Title.ForHelpTitlePageCenter", "_text": "", "_type": "TypeForHelpTitlePageCenter"}, {"py/object": "Sto.Title.ForHelpTitlePageCenter", "_text": "", "_type": "TypeForHelpTitlePageCenter"}, {"py/object": "Sto.Title.ForHelpTitlePageCenter", "_text": "\u0412\u0430\u0440\u0438\u0430\u043d\u0442 11 (1)", "_type": "TypeForHelpTitlePageCenter"}, {"py/object": "Sto.Title.ForHelpTitlePageCenter", "_text": "", "_type": "TypeForHelpTitlePageCenter"}, {"py/object": "Sto.Title.ForHelpTitlePageCenter", "_text": "", "_type": "TypeForHelpTitlePageCenter"}, {"py/object": "Sto.Title.ForHelpTitlePageCenter", "_text": "", "_type": "TypeForHelpTitlePageCenter"}, {"py/object": "Sto.Title.ForHelpTitlePageCenter", "_text": "", "_type": "TypeForHelpTitlePageCenter"}, {"py/object": "Sto.Title.TeacherAndStudent", "_text": "\u0442\u0430\u0431\u043b\u0438\u0446\u0430", "_type": "TeacherAndStudent", "_table": ["\u041f\u0440\u0435\u043f\u043e\u0434\u0430\u0432\u0430\u0442\u0435\u043b\u044c", " ", "\u0410. \u0410. \u0427\u0438\u043a\u0438\u0437\u043e\u0432", " ", "\u043f\u043e\u0434\u043f\u0438\u0441\u044c, \u0434\u0430\u0442\u0430", "\u0438\u043d\u0438\u0446\u0438\u0430\u043b\u044b, \u0444\u0430\u043c\u0438\u043b\u0438\u044f", "\u0421\u0442\u0443\u0434\u0435\u043d\u0442 \u041a\u041818-16\u0431  031831229", " ", "\u0412. \u0410. \u041f\u0440\u0435\u043a\u0435\u043b\u044c", "\u043d\u043e\u043c\u0435\u0440 \u0433\u0440\u0443\u043f\u043f\u044b, \u0437\u0430\u0447\u0435\u0442\u043d\u043e\u0439 \u043a\u043d\u0438\u0436\u043a\u0438", "\u043f\u043e\u0434\u043f\u0438\u0441\u044c, \u0434\u0430\u0442\u0430", "\u0438\u043d\u0438\u0446\u0438\u0430\u043b\u044b, \u0444\u0430\u043c\u0438\u043b\u0438\u044f"]}, {"py/object": "Sto.Title.ForHelpTitlePageCenter", "_text": "", "_type": "TypeForHelpTitlePageCenter"}, {"py/object": "Sto.Title.ForHelpTitlePageCenter", "_text": "", "_type": "TypeForHelpTitlePageCenter"}, {"py/object": "Sto.Title.ForHelpTitlePageCenter", "_text": "", "_type": "TypeForHelpTitlePageCenter"}, {"py/object": "Sto.Title.ForHelpTitlePageCenter", "_text": "", "_type": "TypeForHelpTitlePageCenter"}, {"py/object": "Sto.Title.ForHelpTitlePageCenter", "_text": "", "_type": "TypeForHelpTitlePageCenter"}, {"py/object": "Sto.Title.ForHelpTitlePageCenter", "_text": "", "_type": "TypeForHelpTitlePageCenter"}, {"py/object": "Sto.Title.ForHelpTitlePageCenter", "_text": "", "_type": "TypeForHelpTitlePageCenter"}, {"py/object": "Sto.Title.ForHelpTitlePageCenter", "_text": "", "_type": "TypeForHelpTitlePageCenter"}, {"py/object": "Sto.Title.ForHelpTitlePageCenter", "_text": "", "_type": "TypeForHelpTitlePageCenter"}, {"py/object": "Sto.Title.ForHelpTitlePageCenter", "_text": "", "_type": "TypeForHelpTitlePageCenter"}, {"py/object": "Sto.Title.ForHelpTitlePageCenter", "_text": "\u041a\u0440\u0430\u0441\u043d\u043e\u044f\u0440\u0441\u043a 2020", "_type": "TypeForHelpTitlePageCenter"}]}, "_headings": [{"py/object": "Sto.Heading.Heading", "_text": "\u0417\u0430\u0434\u0430\u043d\u0438\u0435", "_type": "Heading", "_paragraphs": [{"py/object": "Sto.Paragraph.Paragraph", "_text": "\u041e\u0431\u0449\u0435\u0435 \u0437\u0430\u0434\u0430\u043d\u0438\u0435 \u0434\u043b\u044f \u0432\u0441\u0435\u0445 \u0432\u0430\u0440\u0438\u0430\u043d\u0442\u043e\u0432", "_type": "Paragraph"}, {"py/object": "Sto.Paragraph.Paragraph", "_text": "", "_type": "Paragraph"}, {"py/object": "Sto.Paragraph.Paragraph", "_text": "\u2022\t\u0421\u043e\u0437\u0434\u0430\u0442\u044c \u043f\u0430\u0440\u0430\u043c\u0435\u0442\u0440\u0438\u0437\u043e\u0432\u0430\u043d\u043d\u044b\u0439 \u0441\u043f\u0438\u0441\u043e\u043a \u0441\u0442\u0440\u0443\u043a\u0442\u0443\u0440", "_type": "Paragraph"}, {"py/object": "Sto.Paragraph.Paragraph", "_text": "\u2022\t\u041f\u0430\u0440\u0430\u043c\u0435\u0442\u0440\u044b \u0432 \u043e\u0442\u043a\u0440\u044b\u0442\u044b\u0439 \u043a\u043e\u043d\u0441\u0442\u0440\u0443\u043a\u0442\u043e\u0440 \u0441\u0442\u0440\u0443\u043a\u0442\u0443\u0440\u044b \u043f\u0435\u0440\u0435\u0434\u0430\u0432\u0430\u0442\u044c \u0447\u0435\u0440\u0435\u0437 \u043a\u043e\u0440\u0442\u0435\u0436 (tuple)", "_type": "Paragraph"}, {"py/object": "Sto.Paragraph.Paragraph", "_text": "\u043d\u0430\u043f\u0440\u0438\u043c\u0435\u0440 (STUDENT S = new STUDENT (new Tuple< string, string,int []> (\"FIO\", \"GROUP\",  new int[] {2,2,2,2,2} ));", "_type": "Paragraph"}, {"py/object": "Sto.Paragraph.Paragraph", "_text": "\u2022\t\u041f\u0440\u043e\u0438\u0437\u0432\u0435\u0441\u0442\u0438 \u0441\u043e\u0440\u0442\u0438\u0440\u043e\u0432\u043a\u0443 \u0438\u0441\u043f\u043e\u043b\u044c\u0437\u0443\u044f \u0438\u043d\u0442\u0435\u0440\u0444\u0435\u0439\u0441 ICompareble \u043f\u043e \u0440\u0430\u0437\u043d\u044b\u043c \u043f\u043e\u043b\u044f\u043c", "_type": "Paragraph"}, {"py/object": "Sto.Paragraph.Paragraph", "_text": "\u2022\t\u041f\u0435\u0440\u0435\u0433\u0440\u0443\u0437\u0438\u0442\u044c \u043c\u0435\u0442\u043e\u0434 ToString() \u0441\u0442\u0440\u0443\u043a\u0442\u0443\u0440\u044b, \u0438\u0441\u043f\u043e\u043b\u044c\u0437\u043e\u0432\u0430\u0442\u044c \u0435\u0433\u043e \u0434\u043b\u044f \u0432\u044b\u0432\u043e\u0434\u0430 \u043d\u0430 \u044d\u043a\u0440\u0430\u043d \u044d\u043b\u0435\u043c\u0435\u043d\u0442\u043e\u0432 \u043a\u043e\u043b\u043b\u0435\u043a\u0446\u0438\u0438", "_type": "Paragraph"}, {"py/object": "Sto.Paragraph.Paragraph", "_text": "\u2022\t\u0411\u044b\u0442\u044c \u0433\u043e\u0442\u043e\u0432\u044b\u043c \u043e\u0442\u0432\u0435\u0442\u0438\u0442\u044c \u043d\u0430 \u0432\u043e\u043f\u0440\u043e\u0441 \u043f\u043e\u0447\u0435\u043c\u0443 \u043f\u0440\u0438 \u0438\u0441\u043f\u043e\u043b\u044c\u0437\u043e\u0432\u0430\u043d\u0438\u0438 \u043a\u043e\u043b\u043b\u0435\u043a\u0446\u0438\u0438 \u043d\u0435\u0432\u043e\u0437\u043c\u043e\u0436\u043d\u043e \u0438\u0437\u043c\u0435\u043d\u0438\u0442\u044c", "_type": "Paragraph"}, {"py/object": "Sto.Paragraph.Paragraph", "_text": "\u043e\u0434\u0438\u043d \u0438\u0437 \u044d\u043b\u0435\u043c\u0435\u043d\u0442\u043e\u0432 \u0441\u0442\u0440\u0443\u043a\u0442\u0443\u0440\u044b, \u0430 \u043c\u043e\u0436\u043d\u043e \u0437\u0430\u043c\u0435\u043d\u0438\u0442\u044c \u044d\u043b\u0435\u043c\u0435\u043d\u0442 \u0442\u043e\u043b\u044c\u043a\u043e \u0446\u0435\u043b\u0438\u043a\u043e\u043c.", "_type": "Paragraph"}, {"py/object": "Sto.Paragraph.Paragraph", "_text": "\u0412\u0430\u0440\u0438\u0430\u043d\u0442 1", "_type": "Paragraph"}, {"py/object": "Sto.Paragraph.Paragraph", "_text": "\u041e\u043f\u0438\u0441\u0430\u0442\u044c \u0441\u0442\u0440\u0443\u043a\u0442\u0443\u0440\u0443 \u0441 \u0438\u043c\u0435\u043d\u0435\u043c STUDENT, \u0441\u043e\u0434\u0435\u0440\u0436\u0430\u0449\u0443\u044e \u0441\u043b\u0435\u0434\u0443\u044e\u0449\u0438\u0435 \u043f\u043e\u043b\u044f:", "_type": "Paragraph"}, {"py/object": "Sto.Paragraph.Paragraph", "_text": "\u25a1 \u0444\u0430\u043c\u0438\u043b\u0438\u044f \u0438 \u0438\u043d\u0438\u0446\u0438\u0430\u043b\u044b;", "_type": "Paragraph"}, {"py/object": "Sto.Paragraph.Paragraph", "_text": "\u25a1 \u043d\u043e\u043c\u0435\u0440 \u0433\u0440\u0443\u043f\u043f\u044b;", "_type": "Paragraph"}, {"py/object": "Sto.Paragraph.Paragraph", "_text": "\u25a1 \u0443\u0441\u043f\u0435\u0432\u0430\u0435\u043c\u043e\u0441\u0442\u044c (\u043c\u0430\u0441\u0441\u0438\u0432 \u0438\u0437 \u043f\u044f\u0442\u0438 \u044d\u043b\u0435\u043c\u0435\u043d\u0442\u043e\u0432).", "_type": "Paragraph"}, {"py/object": "Sto.Paragraph.Paragraph", "_text": "\u041d\u0430\u043f\u0438\u0441\u0430\u0442\u044c \u043f\u0440\u043e\u0433\u0440\u0430\u043c\u043c\u0443, \u0432\u044b\u043f\u043e\u043b\u043d\u044f\u044e\u0449\u0443\u044e \u0441\u043b\u0435\u0434\u0443\u044e\u0449\u0438\u0435 \u0434\u0435\u0439\u0441\u0442\u0432\u0438\u044f:", "_type": "Paragraph"}, {"py/object": "Sto.Paragraph.Paragraph", "_text": "\u25a1 \u0432\u0432\u043e\u0434 \u0441 \u043a\u043b\u0430\u0432\u0438\u0430\u0442\u0443\u0440\u044b \u0434\u0430\u043d\u043d\u044b\u0445 \u0432 \u043c\u0430\u0441\u0441\u0438\u0432, \u0441\u043e\u0441\u0442\u043e\u044f\u0449\u0438\u0439 \u0438\u0437 \u0434\u0435\u0441\u044f\u0442\u0438 \u0441\u0442\u0440\u0443\u043a\u0442\u0443\u0440 \u0442\u0438\u043f\u0430 STUDENT (\u0437\u0430\u043f\u0438\u0441\u0438 \u0434\u043e\u043b\u0436\u043d\u044b \u0431\u044b\u0442\u044c \u0443\u043f\u043e\u0440\u044f\u0434\u043e\u0447\u0435\u043d\u044b \u043f\u043e \u0432\u043e\u0437\u0440\u0430\u0441\u0442\u0430\u043d\u0438\u044e \u043d\u043e\u043c\u0435\u0440\u0430 \u0433\u0440\u0443\u043f\u043f\u044b);", "_type": "Paragraph"}, {"py/object": "Sto.Paragraph.Paragraph", "_text": "\u25a1 \u0432\u044b\u0432\u043e\u0434 \u043d\u0430 \u044d\u043a\u0440\u0430\u043d \u0444\u0430\u043c\u0438\u043b\u0438\u0439 \u0438 \u043d\u043e\u043c\u0435\u0440\u043e\u0432 \u0433\u0440\u0443\u043f\u043f \u0434\u043b\u044f \u0432\u0441\u0435\u0445 \u0441\u0442\u0443\u0434\u0435\u043d\u0442\u043e\u0432, \u0432\u043a\u043b\u044e\u0447\u0435\u043d\u043d\u044b\u0445 \u0432 \u043c\u0430\u0441\u0441\u0438\u0432, \u0435\u0441\u043b\u0438 \u0441\u0440\u0435\u0434\u043d\u0438\u0439 \u0431\u0430\u043b\u043b \u0441\u0442\u0443\u0434\u0435\u043d\u0442\u0430 \u0431\u043e\u043b\u044c\u0448\u0435 4,0 (\u0435\u0441\u043b\u0438 \u0442\u0430\u043a\u0438\u0445 \u0441\u0442\u0443\u0434\u0435\u043d\u0442\u043e\u0432 \u043d\u0435\u0442, \u0432\u044b\u0432\u0435\u0441\u0442\u0438 \u0441\u043e\u043e\u0442\u0432\u0435\u0442\u0441\u0442\u0432\u0443\u044e\u0449\u0435\u0435 \u0441\u043e\u043e\u0431\u0449\u0435\u043d\u0438\u0435). ", "_type": "Paragraph"}, {"py/object": "Sto.Paragraph.Paragraph", "_text": "", "_type": "Paragraph"}], "_level": 1}, {"py/object": "Sto.Heading.Heading", "_text": "\u0418\u0441\u0445\u043e\u0434\u043d\u044b\u0439 \u043a\u043e\u0434 \u043e\u0441\u043d\u043e\u0432\u043d\u043e\u0433\u043e \u0430\u043b\u0433\u043e\u0440\u0438\u0442\u043c\u0430", "_type": "Heading", "_paragraphs": [{"py/object": "Sto.Paragraph.Paragraph", "_text": "", "_type": "Paragraph"}, {"py/object": "Sto.Listing.ListingDescription", "_text": "CSharpLabs.Lab03/CSharpLabs.Lab03.Core/Student.cs", "_type": "ListingDescription"}, {"py/object": "Sto.Listing.Listing", "_text": "using System;\nusing System.Linq;\n\nnamespace CSharpLabs.Lab03.Core\n{\n    public struct Student : IComparable<Student>\n    {\n        public string Name { get; set; }\n        public string Group { get; set; }\n\n        public int[] Marks { get; set; }\n\n        public Student(Tuple<string, string, int[]> data)\n        {\n            (Name, Group, Marks) = data;\n        }\n\n        public int CompareTo(Student other) =>\n            String.Compare(Name, other.Name, StringComparison.OrdinalIgnoreCase) != 0\n                ? String.Compare(Name, other.Name, StringComparison.OrdinalIgnoreCase)\n                : String.Compare(Group, other.Group, StringComparison.OrdinalIgnoreCase);\n\n        public double AverageScore() => Marks.Average();\n\n        public override string ToString() =>\n            $\"Student: Name: {Name}; Group: {Group}; Marks: {String.Join(\", \", Marks)}; AverageScore: {AverageScore()}\";\n    }\n}\n", "_type": "Listing"}, {"py/object": "Sto.Paragraph.Paragraph", "_text": "", "_type": "Paragraph"}, {"py/object": "Sto.Paragraph.Paragraph", "_text": "", "_type": "Paragraph"}, {"py/object": "Sto.Listing.ListingDescription", "_text": "CSharpLabs.Lab03/CSharpLabs.Lab03.Console/Program.cs", "_type": "ListingDescription"}, {"py/object": "Sto.Listing.Listing", "_text": "using System;\nusing System.Collections.Generic;\nusing System.Linq;\nusing System.Text;\n\nusing CSharpLabs.Lab03.Core;\n\nstatic Student InputStudent()\n{\n    try\n    {\n        var name = Console.ReadLine();\n        var group = Console.ReadLine();\n        var marks = Console.ReadLine()?\n            .Split(new[] {','}, StringSplitOptions.TrimEntries)\n            .Select(Int32.Parse)\n            .ToArray();\n        if (name == null || group == null || marks == null)\n        {\n            throw new NullReferenceException();\n        }\n\n        return new Student(new Tuple<string, string, int[]>(name, group, marks));\n    }\n    catch (Exception e)\n    {\n        throw new ApplicationException(\"\u041e\u0448\u0438\u0431\u043a\u0430 \u043f\u0440\u0438 \u0441\u0447\u0438\u0442\u044b\u0432\u0430\u043d\u0438\u0438\", e);\n    }\n}\n\nConsole.InputEncoding = Encoding.Unicode;\nConsole.OutputEncoding = Encoding.Unicode;\nvar list = new List<Student>();\nfor (var i = 0; i < 10; i++)\n{\n    list.Add(InputStudent());\n}\n\nlist.Sort();\n\nConsole.WriteLine(String.Join(\"\\n\", list));\nConsole.WriteLine();\n\nvar gt4 = list.Where(s => s.AverageScore() > 4).ToList();\nConsole.WriteLine(gt4.Any() ? String.Join(\"\\n\", gt4) : \"\u041d\u0435\u0442 \u0442\u0430\u043a\u0438\u0445 \u044d\u043b\u0435\u043c\u0435\u043d\u0442\u043e\u0432\");\n", "_type": "Listing"}, {"py/object": "Sto.Paragraph.Paragraph", "_text": "", "_type": "Paragraph"}], "_level": 1}], "_resources_list": null, "_attachments": []}