{"py/object": "Sto.StoDocument.StoDocument", "_title_page": {"py/object": "Sto.Title.TitlePage", "_paragraphs": [{"py/object": "Sto.Title.ForHelpTitlePageCenter", "_text": "\u0424\u0435\u0434\u0435\u0440\u0430\u043b\u044c\u043d\u043e\u0435 \u0433\u043e\u0441\u0443\u0434\u0430\u0440\u0441\u0442\u0432\u0435\u043d\u043d\u043e\u0435 \u0430\u0432\u0442\u043e\u043d\u043e\u043c\u043d\u043e\u0435", "_type": "TypeForHelpTitlePageCenter"}, {"py/object": "Sto.Title.ForHelpTitlePageCenter", "_text": "\u043e\u0431\u0440\u0430\u0437\u043e\u0432\u0430\u0442\u0435\u043b\u044c\u043d\u043e\u0435 \u0443\u0447\u0440\u0435\u0436\u0434\u0435\u043d\u0438\u0435", "_type": "TypeForHelpTitlePageCenter"}, {"py/object": "Sto.Title.ForHelpTitlePageCenter", "_text": "\u0432\u044b\u0441\u0448\u0435\u0433\u043e \u043e\u0431\u0440\u0430\u0437\u043e\u0432\u0430\u043d\u0438\u044f", "_type": "TypeForHelpTitlePageCenter"}, {"py/object": "Sto.Title.ForHelpTitlePageCenter", "_text": "\u00ab\u0421\u0418\u0411\u0418\u0420\u0421\u041a\u0418\u0419 \u0424\u0415\u0414\u0415\u0420\u0410\u041b\u042c\u041d\u042b\u0419 \u0423\u041d\u0418\u0412\u0415\u0420\u0421\u0418\u0422\u0415\u0422\u00bb", "_type": "TypeForHelpTitlePageCenter"}, {"py/object": "Sto.Title.ForHelpTitlePageCenter", "_text": "", "_type": "TypeForHelpTitlePageCenter"}, {"py/object": "Sto.Title.DepartmentAndSubject", "_text": "\u0418\u043d\u0441\u0442\u0438\u0442\u0443\u0442 \u041a\u043e\u0441\u043c\u0438\u0447\u0435\u0441\u043a\u0438\u0445 \u0438 \u0438\u043d\u0444\u043e\u0440\u043c\u0430\u0446\u0438\u043e\u043d\u043d\u044b\u0445 \u0442\u0435\u0445\u043d\u043e\u043b\u043e\u0433\u0438\u0439", "_type": "DepartmentAndSubject"}, {"py/object": "Sto.Title.Subscript", "_text": "\u0438\u043d\u0441\u0442\u0438\u0442\u0443\u0442", "_type": "Subscript"}, {"py/object": "Sto.Title.DepartmentAndSubject", "_text": "\u041a\u0430\u0444\u0435\u0434\u0440\u0430 \u00ab\u0418\u043d\u0444\u043e\u0440\u043c\u0430\u0442\u0438\u043a\u0430\u00bb", "_type": "DepartmentAndSubject"}, {"py/object": "Sto.Title.Subscript", "_text": "\u043a\u0430\u0444\u0435\u0434\u0440\u0430", "_type": "Subscript"}, {"py/object": "Sto.Title.ForHelpTitlePageCenter", "_text": "", "_type": "TypeForHelpTitlePageCenter"}, {"py/object": "Sto.Title.ForHelpTitlePageCenter", "_text": "", "_type": "TypeForHelpTitlePageCenter"}, {"py/object": "Sto.Title.ForHelpTitlePageCenter", "_text": "", "_type": "TypeForHelpTitlePageCenter"}, {"py/object": "Sto.Title.ForHelpTitlePageCenter", "_text": "", "_type": "TypeForHelpTitlePageCenter"}, {"py/object": "Sto.Title.ForHelpTitlePageCenter", "_text": "", "_type": "TypeForHelpTitlePageCenter"}, {"py/object": "Sto.Title.ForHelpTitlePageCenter", "_text": "", "_type": "TypeForHelpTitlePageCenter"}, {"py/object": "Sto.Title.ForHelpTitlePageCenter", "_text": "", "_type": "TypeForHelpTitlePageCenter"}, {"py/object": "Sto.Title.ForHelpTitlePageCenter", "_text": "", "_type": "TypeForHelpTitlePageCenter"}, {"py/object": "Sto.Title.ForHelpTitlePageCenter", "_text": "", "_type": "TypeForHelpTitlePageCenter"}, {"py/object": "Sto.Title.ForHelpTitlePageCenter", "_text": "", "_type": "TypeForHelpTitlePageCenter"}, {"py/object": "Sto.Title.JobTitle", "_text": "\u041e\u0422\u0427\u0415\u0422 \u041f\u041e \u041b\u0410\u0411\u041e\u0420\u0410\u0422\u041e\u0420\u041d\u041e\u0419 \u0420\u0410\u0411\u041e\u0422\u0415 \u21164", "_type": "JobTitle"}, {"py/object": "Sto.Title.ForHelpTitlePageCenter", "_text": "", "_type": "TypeForHelpTitlePageCenter"}, {"py/object": "Sto.Title.DepartmentAndSubject", "_text": "\u0414\u0435\u043b\u0435\u0433\u0430\u0442\u044b, \u043b\u044f\u043c\u0431\u0434\u0430-\u0432\u044b\u0440\u0430\u0436\u0435\u043d\u0438\u044f, \u0441\u043e\u0431\u044b\u0442\u0438\u044f", "_type": "DepartmentAndSubject"}, {"py/object": "Sto.Title.Subscript", "_text": "\u0442\u0435\u043c\u0430", "_type": "Subscript"}, {"py/object": "Sto.Title.ForHelpTitlePageCenter", "_text": "", "_type": "TypeForHelpTitlePageCenter"}, {"py/object": "Sto.Title.ForHelpTitlePageCenter", "_text": "", "_type": "TypeForHelpTitlePageCenter"}, {"py/object": "Sto.Title.ForHelpTitlePageCenter", "_text": "", "_type": "TypeForHelpTitlePageCenter"}, {"py/object": "Sto.Title.ForHelpTitlePageCenter", "_text": "\u0412\u0430\u0440\u0438\u0430\u043d\u0442 11 (1)", "_type": "TypeForHelpTitlePageCenter"}, {"py/object": "Sto.Title.ForHelpTitlePageCenter", "_text": "", "_type": "TypeForHelpTitlePageCenter"}, {"py/object": "Sto.Title.ForHelpTitlePageCenter", "_text": "", "_type": "TypeForHelpTitlePageCenter"}, {"py/object": "Sto.Title.ForHelpTitlePageCenter", "_text": "", "_type": "TypeForHelpTitlePageCenter"}, {"py/object": "Sto.Title.ForHelpTitlePageCenter", "_text": "", "_type": "TypeForHelpTitlePageCenter"}, {"py/object": "Sto.Title.TeacherAndStudent", "_text": "\u0442\u0430\u0431\u043b\u0438\u0446\u0430", "_type": "TeacherAndStudent", "_table": ["\u041f\u0440\u0435\u043f\u043e\u0434\u0430\u0432\u0430\u0442\u0435\u043b\u044c", " ", "\u0410. \u0410. \u0427\u0438\u043a\u0438\u0437\u043e\u0432", " ", "\u043f\u043e\u0434\u043f\u0438\u0441\u044c, \u0434\u0430\u0442\u0430", "\u0438\u043d\u0438\u0446\u0438\u0430\u043b\u044b, \u0444\u0430\u043c\u0438\u043b\u0438\u044f", "\u0421\u0442\u0443\u0434\u0435\u043d\u0442 \u041a\u041818-16\u0431  031831229", " ", "\u0412. \u0410. \u041f\u0440\u0435\u043a\u0435\u043b\u044c", "\u043d\u043e\u043c\u0435\u0440 \u0433\u0440\u0443\u043f\u043f\u044b, \u0437\u0430\u0447\u0435\u0442\u043d\u043e\u0439 \u043a\u043d\u0438\u0436\u043a\u0438", "\u043f\u043e\u0434\u043f\u0438\u0441\u044c, \u0434\u0430\u0442\u0430", "\u0438\u043d\u0438\u0446\u0438\u0430\u043b\u044b, \u0444\u0430\u043c\u0438\u043b\u0438\u044f"]}, {"py/object": "Sto.Title.ForHelpTitlePageCenter", "_text": "", "_type": "TypeForHelpTitlePageCenter"}, {"py/object": "Sto.Title.ForHelpTitlePageCenter", "_text": "", "_type": "TypeForHelpTitlePageCenter"}, {"py/object": "Sto.Title.ForHelpTitlePageCenter", "_text": "", "_type": "TypeForHelpTitlePageCenter"}, {"py/object": "Sto.Title.ForHelpTitlePageCenter", "_text": "", "_type": "TypeForHelpTitlePageCenter"}, {"py/object": "Sto.Title.ForHelpTitlePageCenter", "_text": "", "_type": "TypeForHelpTitlePageCenter"}, {"py/object": "Sto.Title.ForHelpTitlePageCenter", "_text": "", "_type": "TypeForHelpTitlePageCenter"}, {"py/object": "Sto.Title.ForHelpTitlePageCenter", "_text": "", "_type": "TypeForHelpTitlePageCenter"}, {"py/object": "Sto.Title.ForHelpTitlePageCenter", "_text": "", "_type": "TypeForHelpTitlePageCenter"}, {"py/object": "Sto.Title.ForHelpTitlePageCenter", "_text": "", "_type": "TypeForHelpTitlePageCenter"}, {"py/object": "Sto.Title.ForHelpTitlePageCenter", "_text": "", "_type": "TypeForHelpTitlePageCenter"}, {"py/object": "Sto.Title.ForHelpTitlePageCenter", "_text": "\u041a\u0440\u0430\u0441\u043d\u043e\u044f\u0440\u0441\u043a 2020", "_type": "TypeForHelpTitlePageCenter"}]}, "_headings": [{"py/object": "Sto.Heading.Heading", "_text": "\u0417\u0430\u0434\u0430\u043d\u0438\u0435", "_type": "Heading", "_paragraphs": [{"py/object": "Sto.Paragraph.Paragraph", "_text": "\u0418\u043d\u0444\u043e\u0440\u043c\u0430\u0446\u0438\u044f \u0434\u043b\u044f \u0432\u0441\u0435\u0445 \u0432\u0430\u0440\u0438\u0430\u043d\u0442\u043e\u0432 ", "_type": "Paragraph"}, {"py/object": "Sto.Paragraph.Paragraph", "_text": "\u0412 \u043b\u0430\u0431\u043e\u0440\u0430\u0442\u043e\u0440\u043d\u043e\u0439 \u0440\u0430\u0431\u043e\u0442\u0435 \u0442\u0440\u0435\u0431\u0443\u0435\u0442\u0441\u044f \u043e\u043f\u0440\u0435\u0434\u0435\u043b\u0438\u0442\u044c \u043a\u043b\u0430\u0441\u0441-\u043a\u043e\u043b\u043b\u0435\u043a\u0446\u0438\u044e XCollection, \u0441\u043e\u0434\u0435\u0440\u0436\u0430\u0449\u0438\u0439 \u0432 \u0441\u0435\u0431\u0435 \u044d\u043b\u0435\u043c\u0435\u043d\u0442\u044b \u0442\u0438\u043f\u0430 X. \u0414\u043b\u044f \u0445\u0440\u0430\u043d\u0435\u043d\u0438\u044f \u044d\u043b\u0435\u043c\u0435\u043d\u0442\u043e\u0432 \u0438\u0441\u043f\u043e\u043b\u044c\u0437\u043e\u0432\u0430\u0442\u044c \u0441\u0442\u0430\u043d\u0434\u0430\u0440\u0442\u043d\u044b\u0435 \u043a\u043e\u043b\u043b\u0435\u043a\u0446\u0438\u0438.", "_type": "Paragraph"}, {"py/object": "Sto.Paragraph.Paragraph", "_text": "XCollection \u0438\u0437\u043c\u0435\u043d\u044f\u0435\u0442\u0441\u044f \u043f\u0440\u0438 \u0434\u043e\u0431\u0430\u0432\u043b\u0435\u043d\u0438\u0438, \u0443\u0434\u0430\u043b\u0435\u043d\u0438\u0438 \u044d\u043b\u0435\u043c\u0435\u043d\u0442\u043e\u0432 X (\u0441\u043e\u0431\u044b\u0442\u0438\u0435 count change) \u0438\u043b\u0438 \u0438\u0437\u043c\u0435\u043d\u0435\u043d\u0438\u0438 \u043e\u0434\u043d\u043e\u0433\u043e \u0438\u0437 \u044d\u043b\u0435\u043c\u0435\u043d\u0442\u043e\u0432 (\u0441\u0441\u044b\u043b\u043a\u0438) \u0432 \u043a\u043e\u043b\u043b\u0435\u043a\u0446\u0438\u0438 (\u0441\u043e\u0431\u044b\u0442\u0438\u0435 reference change). \u0412 \u044d\u0442\u043e\u043c \u0441\u043b\u0443\u0447\u0430\u0435 \u0432 \u0441\u043e\u043e\u0442\u0432\u0435\u0442\u0441\u0442\u0432\u0443\u044e\u0449\u0438\u0445 \u043c\u0435\u0442\u043e\u0434\u0430\u0445 \u0438\u043b\u0438 \u0441\u0432\u043e\u0439\u0441\u0442\u0432\u0430\u0445 \u043a\u043b\u0430\u0441\u0441\u0430 XCollection \u0432\u044b\u0437\u044b\u0432\u0430\u044e\u0442\u0441\u044f(invoke) \u0441\u043f\u0435\u0446\u0438\u0430\u043b\u044c\u043d\u043e \u043e\u0431\u044a\u044f\u0432\u043b\u0435\u043d\u043d\u044b\u0435 \u0434\u0435\u043b\u0435\u0433\u0430\u0442\u044b.", "_type": "Paragraph"}, {"py/object": "Sto.Paragraph.Paragraph", "_text": "\u0414\u043b\u044f \u0445\u0440\u0430\u043d\u0435\u043d\u0438\u044f \u0438 \u0432\u044b\u0437\u043e\u0432\u0430 \u0432 XCollection \u043c\u0435\u0442\u043e\u0434\u043e\u0432 \u00ab\u043f\u043e\u0434\u043f\u0438\u0441\u0430\u043d\u043d\u044b\u0445\u00bb \u043a\u043b\u0430\u0441\u0441\u043e\u0432 (\u0432 \u043d\u0430\u0448\u0435\u043c \u0441\u043b\u0443\u0447\u0430\u0435\u043c \u044d\u0442\u043e \u0431\u0443\u0434\u0443\u0442 \u043c\u0435\u0442\u043e\u0434\u044b \u043a\u043b\u0430\u0441\u0441\u0430 Journal) \u043d\u0435\u043e\u0431\u0445\u043e\u0434\u0438\u043c\u043e \u0438\u0441\u043f\u043e\u043b\u044c\u0437\u043e\u0432\u0430\u0442\u044c \u0437\u0430\u043a\u0440\u044b\u0442\u044b\u0435 \u0434\u0435\u043b\u0435\u0433\u0430\u0442\u044b \u0438 \u043e\u0442\u043a\u0440\u044b\u0442\u044b\u0435 \u0441\u043e\u0431\u044b\u0442\u0438\u044f.  \u041f\u043e\u0434\u043f\u0438\u0441\u043a\u0443 \u0438 \u043e\u0442\u043f\u0438\u0441\u043a\u0443 \u043c\u0435\u0442\u043e\u0434\u043e\u0432 \u043f\u0440\u043e\u0432\u043e\u0434\u0438\u0442\u044c \u0442\u043e\u043b\u044c\u043a\u043e \u0447\u0435\u0440\u0435\u0437 \u0441\u043e\u0431\u044b\u0442\u0438\u044f \u0438 \u0438\u0445 \u0441\u043b\u0443\u0436\u0435\u0431\u043d\u044b\u0435 \u043c\u0435\u0442\u043e\u0434\u044b (add, remove), \u043d\u0438\u043a\u0430\u043a\u043e\u0433\u043e \u043f\u0440\u044f\u043c\u043e\u0433\u043e \u0434\u043e\u0441\u0442\u0443\u043f\u0430 \u043a \u0437\u0430\u043a\u0440\u044b\u0442\u044b\u043c \u0434\u0435\u043b\u0435\u0433\u0430\u0442\u0430\u043c \u0431\u044b\u0442\u044c \u043d\u0435 \u0434\u043e\u043b\u0436\u043d\u043e.", "_type": "Paragraph"}, {"py/object": "Sto.Paragraph.Paragraph", "_text": "\u0414\u043b\u044f \u0441\u043e\u0440\u0442\u0438\u0440\u043e\u0432\u043a\u0438 \u044d\u043b\u0435\u043c\u0435\u043d\u0442\u043e\u0432 \u043a\u043e\u043b\u043b\u0435\u043a\u0446\u0438\u0438 \u043d\u0435\u043e\u0431\u0445\u043e\u0434\u0438\u043c\u043e \u0438\u0441\u043f\u043e\u043b\u044c\u0437\u043e\u0432\u0430\u0442\u044c \u043c\u0435\u0442\u043e\u0434 Sort (\u043b\u044f\u043c\u0431\u0434\u0430-\u0432\u044b\u0440\u0430\u0436\u0435\u043d\u0438\u0435 \u0441 \u043f\u043e\u043b\u0435\u043c \u0441\u043e\u0440\u0442\u0438\u0440\u043e\u0432\u043a\u0438). \u0418\u0441\u043f\u043e\u043b\u044c\u0437\u043e\u0432\u0430\u043d\u0438\u0435 \u043b\u044f\u043c\u0431\u0434\u0430-\u0432\u044b\u0440\u0430\u0436\u0435\u043d\u0438\u0439 \u0434\u043b\u044f \u0434\u0440\u0443\u0433\u0438\u0445 \u0446\u0435\u043b\u0435\u0439 \u043f\u0440\u0438\u0432\u0435\u0442\u0441\u0442\u0432\u0443\u0435\u0442\u0441\u044f.", "_type": "Paragraph"}, {"py/object": "Sto.Paragraph.Paragraph", "_text": "\u041e\u043f\u0440\u0435\u0434\u0435\u043b\u0438\u0442\u044c \u043a\u043b\u0430\u0441\u0441 \u0445\u0440\u0430\u043d\u0435\u043d\u0438\u044f \u0438\u043d\u0444\u043e\u0440\u043c\u0430\u0446\u0438\u0438 \u043e \u0441\u043e\u0431\u044b\u0442\u0438\u0438 XListHandlerEventArgs, \u043f\u0440\u043e\u0438\u0437\u0432\u043e\u0434\u043d\u044b\u0439 \u043e\u0442 \u043a\u043b\u0430\u0441\u0441\u0430 EventArgs \u0432\u043a\u043b\u044e\u0447\u0430\u044e\u0449\u0438\u0439 \u0432 \u0441\u0435\u0431\u044f", "_type": "Paragraph"}, {"py/object": "Sto.Paragraph.Paragraph", "_text": "\u2022\t\u043e\u0442\u043a\u0440\u044b\u0442\u043e\u0435 \u0430\u0432\u0442\u043e\u0441\u0432\u043e\u0439\u0441\u0442\u0432\u043e \u0442\u0438\u043f\u0430 string \u0441 \u043d\u0430\u0437\u0432\u0430\u043d\u0438\u0435\u043c \u043a\u043e\u043b\u043b\u0435\u043a\u0446\u0438\u0438, \u0432 \u043a\u043e\u0442\u043e\u0440\u043e\u0439 \u043f\u0440\u043e\u0438\u0437\u043e\u0448\u043b\u043e \u0441\u043e\u0431\u044b\u0442\u0438\u0435;", "_type": "Paragraph"}, {"py/object": "Sto.Paragraph.Paragraph", "_text": "\u2022\t\u043e\u0442\u043a\u0440\u044b\u0442\u043e\u0435 \u0430\u0432\u0442\u043e\u0441\u0432\u043e\u0439\u0441\u0442\u0432\u043e \u0442\u0438\u043f\u0430 string \u0441 \u0438\u043d\u0444\u043e\u0440\u043c\u0430\u0446\u0438\u0435\u0439 \u043e \u0442\u0438\u043f\u0435 \u0438\u0437\u043c\u0435\u043d\u0435\u043d\u0438\u0439 \u0432 \u043a\u043e\u043b\u043b\u0435\u043a\u0446\u0438\u0438; (\u0442\u0438\u043f\u044b \u0438\u0437\u043c\u0435\u043d\u0435\u043d\u0438\u0439 \u043d\u0430\u0437\u0432\u0430\u0442\u044c \u0441\u0430\u043c\u043e\u0441\u0442\u043e\u044f\u0442\u0435\u043b\u044c\u043d\u043e)", "_type": "Paragraph"}, {"py/object": "Sto.Paragraph.Paragraph", "_text": "\u2022\t\u043e\u0442\u043a\u0440\u044b\u0442\u043e\u0435 \u0430\u0432\u0442\u043e\u0441\u0432\u043e\u0439\u0441\u0442\u0432\u043e \u0442\u0438\u043f\u0430 X \u0434\u043b\u044f \u0445\u0440\u0430\u043d\u0435\u043d\u0438\u044f \u0441\u0441\u044b\u043b\u043a\u0438 \u043d\u0430 \u043e\u0431\u044a\u0435\u043a\u0442, \u0441 \u043a\u043e\u0442\u043e\u0440\u044b\u043c \u0441\u0432\u044f\u0437\u0430\u043d\u044b \u0438\u0437\u043c\u0435\u043d\u0435\u043d\u0438\u044f;", "_type": "Paragraph"}, {"py/object": "Sto.Paragraph.Paragraph", "_text": "\u2022\t\u043a\u043e\u043d\u0441\u0442\u0440\u0443\u043a\u0442\u043e\u0440\u044b \u0434\u043b\u044f \u0438\u043d\u0438\u0446\u0438\u0430\u043b\u0438\u0437\u0430\u0446\u0438\u0438 \u043a\u043b\u0430\u0441\u0441\u0430;", "_type": "Paragraph"}, {"py/object": "Sto.Paragraph.Paragraph", "_text": "\u2022\t\u043f\u0435\u0440\u0435\u0433\u0440\u0443\u0436\u0435\u043d\u043d\u0443\u044e \u0432\u0435\u0440\u0441\u0438\u044e \u043c\u0435\u0442\u043e\u0434\u0430 string ToString() \u0434\u043b\u044f \u0444\u043e\u0440\u043c\u0438\u0440\u043e\u0432\u0430\u043d\u0438\u044f \u0441\u0442\u0440\u043e\u043a\u0438 \u0441 \u0438\u043d\u0444\u043e\u0440\u043c\u0430\u0446\u0438\u0435\u0439 \u043e\u0431\u043e \u0432\u0441\u0435\u0445 \u043f\u043e\u043b\u044f\u0445 \u043a\u043b\u0430\u0441\u0441\u0430.", "_type": "Paragraph"}, {"py/object": "Sto.Paragraph.Paragraph", "_text": "", "_type": "Paragraph"}, {"py/object": "Sto.Paragraph.Paragraph", "_text": "    \u041e\u0431\u044a\u044f\u0432\u0438\u0442\u044c \u043d\u043e\u0432\u044b\u0439 \u0442\u0438\u043f \u0434\u0430\u043d\u043d\u044b\u0445 - \u0434\u0435\u043b\u0435\u0433\u0430\u0442 XListHandler \u0441 \u0441\u0438\u0433\u043d\u0430\u0442\u0443\u0440\u043e\u0439:", "_type": "Paragraph"}, {"py/object": "Sto.Paragraph.Paragraph", "_text": "", "_type": "Paragraph"}, {"py/object": "Sto.Paragraph.Paragraph", "_text": "delegate void XListHandler ", "_type": "Paragraph"}, {"py/object": "Sto.Paragraph.Paragraph", "_text": "     (object source, XListHandlerEventArgs args);", "_type": "Paragraph"}, {"py/object": "Sto.Paragraph.Paragraph", "_text": "", "_type": "Paragraph"}, {"py/object": "Sto.Paragraph.Paragraph", "_text": "", "_type": "Paragraph"}, {"py/object": "Sto.Paragraph.Paragraph", "_text": "\u041e\u043f\u0440\u0435\u0434\u0435\u043b\u0438\u0442\u044c \u043a\u043b\u0430\u0441\u0441 XCollection, \u043a\u043e\u0442\u043e\u0440\u044b\u0439 \u0441\u043e\u0434\u0435\u0440\u0436\u0438\u0442 \u0432 \u0441\u0435\u0431\u0435", "_type": "Paragraph"}, {"py/object": "Sto.Paragraph.Paragraph", "_text": "\u2022\t\u0437\u0430\u043a\u0440\u044b\u0442\u043e\u0435 \u043f\u043e\u043b\u0435 \u0442\u0438\u043f\u0430 List<X>;", "_type": "Paragraph"}, {"py/object": "Sto.Paragraph.Paragraph", "_text": "\u2022\t\u0430\u0432\u0442\u043e\u0441\u0432\u043e\u0439\u0441\u0442\u0432\u043e \u0442\u0438\u043f\u0430 string \u0441 \u043d\u0430\u0437\u0432\u0430\u043d\u0438\u0435\u043c \u043a\u043e\u043b\u043b\u0435\u043a\u0446\u0438\u0438;", "_type": "Paragraph"}, {"py/object": "Sto.Paragraph.Paragraph", "_text": "\u2022\t\u043c\u0435\u0442\u043e\u0434 bool Add (int j, X record) \u0434\u043b\u044f \u0434\u043e\u0431\u0430\u0432\u043b\u0435\u043d\u0438\u044f \u044d\u043b\u0435\u043c\u0435\u043d\u0442\u0430 record \u0432 \u043f\u043e\u0437\u0438\u0446\u0438\u044e j \u0441\u043f\u0438\u0441\u043a\u0430 List<X>; \u0435\u0441\u043b\u0438 \u0432 \u0441\u043f\u0438\u0441\u043a\u0435 \u043d\u0435\u0442 \u044d\u043b\u0435\u043c\u0435\u043d\u0442\u0430 \u0441 \u043d\u043e\u043c\u0435\u0440\u043e\u043c j, \u043c\u0435\u0442\u043e\u0434 \u043d\u0438\u0447\u0435\u0433\u043e \u043d\u0435 \u0434\u043e\u0431\u0430\u0432\u043b\u044f\u0435\u0442 \u0438 \u0432\u043e\u0437\u0432\u0440\u0430\u0449\u0430\u0435\u0442 \u0437\u043d\u0430\u0447\u0435\u043d\u0438\u0435 false;", "_type": "Paragraph"}, {"py/object": "Sto.Paragraph.Paragraph", "_text": "\u2022\t\u043c\u0435\u0442\u043e\u0434 bool Remove (int j) \u0434\u043b\u044f \u0443\u0434\u0430\u043b\u0435\u043d\u0438\u044f \u044d\u043b\u0435\u043c\u0435\u043d\u0442\u0430 \u0441 \u043d\u043e\u043c\u0435\u0440\u043e\u043c j \u0438\u0437 \u0441\u043f\u0438\u0441\u043a\u0430 List<X>; \u0435\u0441\u043b\u0438 \u0432 \u0441\u043f\u0438\u0441\u043a\u0435 \u043d\u0435\u0442 \u044d\u043b\u0435\u043c\u0435\u043d\u0442\u0430 \u0441 \u043d\u043e\u043c\u0435\u0440\u043e\u043c j, \u043c\u0435\u0442\u043e\u0434 \u0432\u043e\u0437\u0432\u0440\u0430\u0449\u0430\u0435\u0442 \u0437\u043d\u0430\u0447\u0435\u043d\u0438\u0435 false;", "_type": "Paragraph"}, {"py/object": "Sto.Paragraph.Paragraph", "_text": "\u2022\t\u0438\u043d\u0434\u0435\u043a\u0441\u0430\u0442\u043e\u0440 this \u0442\u0438\u043f\u0430 X (\u0441 \u043c\u0435\u0442\u043e\u0434\u0430\u043c\u0438 get \u0438 set) \u0441 \u0446\u0435\u043b\u043e\u0447\u0438\u0441\u043b\u0435\u043d\u043d\u044b\u043c \u0438\u043d\u0434\u0435\u043a\u0441\u043e\u043c \u0434\u043b\u044f \u0434\u043e\u0441\u0442\u0443\u043f\u0430 \u043a \u044d\u043b\u0435\u043c\u0435\u043d\u0442\u0443 \u0441\u043f\u0438\u0441\u043a\u0430 List<X> \u0441 \u0437\u0430\u0434\u0430\u043d\u043d\u044b\u043c \u043d\u043e\u043c\u0435\u0440\u043e\u043c.", "_type": "Paragraph"}, {"py/object": "Sto.Paragraph.Paragraph", "_text": "\u041d\u0430\u0437\u0432\u0430\u043d\u0438\u044f \u0441\u043e\u0431\u044b\u0442\u0438\u0439 \u0432  XCollection  (\u0442\u0438\u043f \u0434\u0435\u043b\u0435\u0433\u0430\u0442\u0430 XListHandler)", "_type": "Paragraph"}, {"py/object": "Sto.Paragraph.Paragraph", "_text": "\u2022\tonXCountChanged - \u043f\u0440\u043e\u0438\u0441\u0445\u043e\u0434\u0438\u0442 \u043f\u0440\u0438 \u0434\u043e\u0431\u0430\u0432\u043b\u0435\u043d\u0438\u0438 \u043d\u043e\u0432\u043e\u0433\u043e \u044d\u043b\u0435\u043c\u0435\u043d\u0442\u0430 \u0432 \u043a\u043e\u043b\u043b\u0435\u043a\u0446\u0438\u044e \u0438\u043b\u0438 \u043f\u0440\u0438 \u0443\u0434\u0430\u043b\u0435\u043d\u0438\u0438 \u044d\u043b\u0435\u043c\u0435\u043d\u0442\u0430 \u0438\u0437 \u043a\u043e\u043b\u043b\u0435\u043a\u0446\u0438\u0438;  \u0447\u0435\u0440\u0435\u0437 \u043e\u0431\u044a\u0435\u043a\u0442 XListHandlerEventArgs  c\u043e\u0442\u0431\u044b\u0442\u0438\u0435 \u043f\u0435\u0440\u0435\u0434\u0430\u0435\u0442 \u0438\u043c\u044f \u043a\u043e\u043b\u043b\u0435\u043a\u0446\u0438\u0438, \u0441\u0442\u0440\u043e\u043a\u0443 \u0441 \u0438\u043d\u0444\u043e\u0440\u043c\u0430\u0446\u0438\u0435\u0439 \u043e \u0442\u043e\u043c, \u0447\u0442\u043e \u0432 \u043a\u043e\u043b\u043b\u0435\u043a\u0446\u0438\u044e \u0431\u044b\u043b \u0434\u043e\u0431\u0430\u0432\u043b\u0435\u043d \u043d\u043e\u0432\u044b\u0439 \u044d\u043b\u0435\u043c\u0435\u043d\u0442 \u0438\u043b\u0438 \u0438\u0437 \u043d\u0435\u0435 \u0431\u044b\u043b \u0443\u0434\u0430\u043b\u0435\u043d \u044d\u043b\u0435\u043c\u0435\u043d\u0442, \u0441\u0441\u044b\u043b\u043a\u0443 \u043d\u0430 \u0434\u043e\u0431\u0430\u0432\u043b\u0435\u043d\u043d\u044b\u0439 \u0438\u043b\u0438 \u0443\u0434\u0430\u043b\u0435\u043d\u043d\u044b\u0439 \u044d\u043b\u0435\u043c\u0435\u043d\u0442 X;", "_type": "Paragraph"}, {"py/object": "Sto.Paragraph.Paragraph", "_text": "\u2022\tonXReferenceChanged - \u043f\u0440\u043e\u0438\u0441\u0445\u043e\u0434\u0438\u0442, \u043a\u043e\u0433\u0434\u0430 \u043e\u0434\u043d\u043e\u0439 \u0438\u0437 \u0441\u0441\u044b\u043b\u043e\u043a, \u0432\u0445\u043e\u0434\u044f\u0449\u0438\u0445 \u0432 \u043a\u043e\u043b\u043b\u0435\u043a\u0446\u0438\u044e, \u043f\u0440\u0438\u0441\u0432\u0430\u0438\u0432\u0430\u0435\u0442\u0441\u044f \u043d\u043e\u0432\u043e\u0435 \u0437\u043d\u0430\u0447\u0435\u043d\u0438\u0435; \u0447\u0435\u0440\u0435\u0437 \u043e\u0431\u044a\u0435\u043a\u0442 XListHandlerEventArgs  \u0441\u043e\u0431\u044b\u0442\u0438\u0435 \u043f\u0435\u0440\u0435\u0434\u0430\u0435\u0442 \u0438\u043c\u044f \u043a\u043e\u043b\u043b\u0435\u043a\u0446\u0438\u0438, \u0441\u0442\u0440\u043e\u043a\u0443 \u0441 \u0438\u043d\u0444\u043e\u0440\u043c\u0430\u0446\u0438\u0435\u0439 \u043e \u0442\u043e\u043c, \u0447\u0442\u043e \u0431\u044b\u043b \u0437\u0430\u043c\u0435\u043d\u0435\u043d \u044d\u043b\u0435\u043c\u0435\u043d\u0442 \u0432 \u043a\u043e\u043b\u043b\u0435\u043a\u0446\u0438\u0438, \u0438 \u0441\u0441\u044b\u043b\u043a\u0443 \u043d\u0430 \u043d\u043e\u0432\u044b\u0439 \u044d\u043b\u0435\u043c\u0435\u043d\u0442 X.", "_type": "Paragraph"}, {"py/object": "Sto.Paragraph.Paragraph", "_text": "", "_type": "Paragraph"}, {"py/object": "Sto.Paragraph.Paragraph", "_text": "\u0421\u043e\u0431\u044b\u0442\u0438\u0435 XCountChanged \u0432\u044b\u0437\u044b\u0432\u0430\u044e\u0442 \u0441\u043b\u0435\u0434\u0443\u044e\u0449\u0438\u0435 \u043c\u0435\u0442\u043e\u0434\u044b \u043a\u043b\u0430\u0441\u0441\u0430 XCollection", "_type": "Paragraph"}, {"py/object": "Sto.Paragraph.Paragraph", "_text": "\u2022\tAddDefaults(); - \u0437\u0430\u043f\u043e\u043b\u043d\u0435\u043d\u0438\u0435 \u043a\u043e\u043b\u043b\u0435\u043a\u0446\u0438\u0438 \u043f\u0440\u043e\u0438\u0437\u0432\u043e\u043b\u044c\u043d\u044b\u043c\u0438 \u0437\u0430\u0440\u0430\u043d\u0435\u0435 \u0437\u0430\u0434\u0430\u043d\u043d\u044b\u043c\u0438 \u0434\u0430\u043d\u043d\u044b\u043c\u0438", "_type": "Paragraph"}, {"py/object": "Sto.Paragraph.Paragraph", "_text": "\u2022\tAddX (params  X[] ) ;  - \u0434\u043e\u0431\u0430\u0432\u043b\u0435\u043d\u0438\u0435 \u0432 \u043a\u043e\u043b\u043b\u0435\u043a\u0446\u0438\u044e \u0443\u043a\u0430\u0437\u0430\u043d\u043d\u044b\u0445 \u044d\u043b\u0435\u043c\u0435\u043d\u0442\u043e\u0432", "_type": "Paragraph"}, {"py/object": "Sto.Paragraph.Paragraph", "_text": "\u2022\tRemove (int j) \u2013 \u0443\u0434\u0430\u043b\u0435\u043d\u0438\u0435 j \u044d\u043b\u0435\u043c\u0435\u043d\u0442\u0430", "_type": "Paragraph"}, {"py/object": "Sto.Paragraph.Paragraph", "_text": "*\u0421\u043e\u0431\u044b\u0442\u0438\u0435 XReferenceChanged \u0432\u044b\u0437\u044b\u0432\u0430\u0435\u0442\u0441\u044f \u0432  \u043c\u0435\u0442\u043e\u0434\u0435 set \u0438\u043d\u0434\u0435\u043a\u0441\u0430\u0442\u043e\u0440\u0430, \u043e\u043f\u0440\u0435\u0434\u0435\u043b\u0435\u043d\u043d\u043e\u0433\u043e \u0432 \u043a\u043b\u0430\u0441\u0441\u0435 XCollection.", "_type": "Paragraph"}, {"py/object": "Sto.Paragraph.Paragraph", "_text": "\u041e\u043f\u0440\u0435\u0434\u0435\u043b\u0438\u0442\u044c \u043a\u043b\u0430\u0441\u0441 Journal, \u043a\u043e\u0442\u043e\u0440\u044b\u0439 \u043c\u043e\u0436\u043d\u043e \u0438\u0441\u043f\u043e\u043b\u044c\u0437\u043e\u0432\u0430\u0442\u044c \u0434\u043b\u044f \u043d\u0430\u043a\u043e\u043f\u043b\u0435\u043d\u0438\u044f \u0438\u043d\u0444\u043e\u0440\u043c\u0430\u0446\u0438\u0438 \u043e\u0431 \u0438\u0437\u043c\u0435\u043d\u0435\u043d\u0438\u044f\u0445 \u0432 \u043a\u043e\u043b\u043b\u0435\u043a\u0446\u0438\u044f\u0445 \u0442\u0438\u043f\u0430 XCollection. \u041a\u043b\u0430\u0441\u0441 ", "_type": "Paragraph"}, {"py/object": "Sto.Paragraph.Paragraph", "_text": "Journal \u0445\u0440\u0430\u043d\u0438\u0442 \u0438\u043d\u0444\u043e\u0440\u043c\u0430\u0446\u0438\u044e \u0432 \u0441\u043f\u0438\u0441\u043a\u0435 \u043e\u0431\u044a\u0435\u043a\u0442\u043e\u0432 \u0442\u0438\u043f\u0430 JournalEntry. \u041a\u0430\u0436\u0434\u044b\u0439 \u044d\u043b\u0435\u043c\u0435\u043d\u0442 \u0441\u043f\u0438\u0441\u043a\u0430 \u0441\u043e\u0434\u0435\u0440\u0436\u0438\u0442 \u0438\u043d\u0444\u043e\u0440\u043c\u0430\u0446\u0438\u044e \u043e\u0431 \u043e\u0442\u0434\u0435\u043b\u044c\u043d\u043e\u043c \u0438\u0437\u043c\u0435\u043d\u0435\u043d\u0438\u0438, \u043a\u043e\u0442\u043e\u0440\u043e\u0435 \u043f\u0440\u043e\u0438\u0437\u043e\u0448\u043b\u043e \u0432 \u043a\u043e\u043b\u043b\u0435\u043a\u0446\u0438\u0438. ", "_type": "Paragraph"}, {"py/object": "Sto.Paragraph.Paragraph", "_text": "\u041a\u043b\u0430\u0441\u0441 JournalEntry \u0441\u043e\u0434\u0435\u0440\u0436\u0438\u0442 ", "_type": "Paragraph"}, {"py/object": "Sto.Paragraph.Paragraph", "_text": "\u2022\t\u043e\u0442\u043a\u0440\u044b\u0442\u043e\u0435 \u0430\u0432\u0442\u043e\u0441\u0432\u043e\u0439\u0441\u0442\u0432\u043e \u0442\u0438\u043f\u0430 string \u0441 \u043d\u0430\u0437\u0432\u0430\u043d\u0438\u0435\u043c \u043a\u043e\u043b\u043b\u0435\u043a\u0446\u0438\u0438, \u0432 \u043a\u043e\u0442\u043e\u0440\u043e\u0439 \u043f\u0440\u043e\u0438\u0437\u043e\u0448\u043b\u043e \u0441\u043e\u0431\u044b\u0442\u0438\u0435;", "_type": "Paragraph"}, {"py/object": "Sto.Paragraph.Paragraph", "_text": "\u2022\t\u043e\u0442\u043a\u0440\u044b\u0442\u043e\u0435 \u0430\u0432\u0442\u043e\u0441\u0432\u043e\u0439\u0441\u0442\u0432\u043e \u0442\u0438\u043f\u0430 date \u0441 \u0438\u043d\u0444\u043e\u0440\u043c\u0430\u0446\u0438\u0435\u0439 \u043e \u0432\u0440\u0435\u043c\u0435\u043d\u0438, \u043a\u043e\u0433\u0434\u0430 \u043f\u0440\u043e\u0438\u0437\u043e\u0448\u043b\u043e \u0441\u043e\u0431\u044b\u0442\u0438\u0435;", "_type": "Paragraph"}, {"py/object": "Sto.Paragraph.Paragraph", "_text": "\u2022\t\u043e\u0442\u043a\u0440\u044b\u0442\u043e\u0435 \u0430\u0432\u0442\u043e\u0441\u0432\u043e\u0439\u0441\u0442\u0432\u043e \u0442\u0438\u043f\u0430 string \u0441 \u0438\u043d\u0444\u043e\u0440\u043c\u0430\u0446\u0438\u0435\u0439 \u043e \u0442\u0438\u043f\u0435 \u0438\u0437\u043c\u0435\u043d\u0435\u043d\u0438\u0439 \u0432 \u043a\u043e\u043b\u043b\u0435\u043a\u0446\u0438\u0438;", "_type": "Paragraph"}, {"py/object": "Sto.Paragraph.Paragraph", "_text": "\u2022\t\u043e\u0442\u043a\u0440\u044b\u0442\u043e\u0435 \u0430\u0432\u0442\u043e\u0441\u0432\u043e\u0439\u0441\u0442\u0432\u043e \u0442\u0438\u043f\u0430 string c \u0434\u0430\u043d\u043d\u044b\u043c\u0438 \u043e\u0431\u044a\u0435\u043a\u0442\u0430 X, \u0441 \u043a\u043e\u0442\u043e\u0440\u044b\u043c \u0441\u0432\u044f\u0437\u0430\u043d\u044b \u0438\u0437\u043c\u0435\u043d\u0435\u043d\u0438\u044f \u0432 \u043a\u043e\u043b\u043b\u0435\u043a\u0446\u0438\u0438;", "_type": "Paragraph"}, {"py/object": "Sto.Paragraph.Paragraph", "_text": "\u2022\t\u043a\u043e\u043d\u0441\u0442\u0440\u0443\u043a\u0442\u043e\u0440 \u0434\u043b\u044f \u0438\u043d\u0438\u0446\u0438\u0430\u043b\u0438\u0437\u0430\u0446\u0438\u0438 \u043f\u043e\u043b\u0435\u0439 \u043a\u043b\u0430\u0441\u0441\u0430;", "_type": "Paragraph"}, {"py/object": "Sto.Paragraph.Paragraph", "_text": "\u2022\t\u043f\u0435\u0440\u0435\u0433\u0440\u0443\u0436\u0435\u043d\u043d\u0443\u044e \u0432\u0435\u0440\u0441\u0438\u044e \u043c\u0435\u0442\u043e\u0434\u0430 string ToString().", "_type": "Paragraph"}, {"py/object": "Sto.Paragraph.Paragraph", "_text": "\u041a\u043b\u0430\u0441\u0441 Journal \u0441\u043e\u0434\u0435\u0440\u0436\u0438\u0442 ", "_type": "Paragraph"}, {"py/object": "Sto.Paragraph.Paragraph", "_text": "\u2022\t\u0437\u0430\u043a\u0440\u044b\u0442\u043e\u0435 \u043f\u043e\u043b\u0435 \u0442\u0438\u043f\u0430 List<JournalEntry>;", "_type": "Paragraph"}, {"py/object": "Sto.Paragraph.Paragraph", "_text": "\u2022\t\u0440\u0435\u0430\u043b\u0438\u0437\u0443\u0435\u0442 \u043e\u0431\u0440\u0430\u0431\u043e\u0442\u0447\u0438\u043a\u0438 XCountChanged \u0438 XReferenceChanged (\u0434\u043b\u044f \u043f\u043e\u0434\u043f\u0438\u0441\u043a\u0438 \u043d\u0430 \u0441\u043e\u0431\u044b\u0442\u0438\u044f \u0432 XCollection) \u043a\u043e\u0442\u043e\u0440\u044b\u0435 \u043f\u0440\u0438 \u0432\u044b\u0437\u043e\u0432\u0435 \u0434\u043e\u0431\u0430\u0432\u043b\u044f\u044e\u0442 \u043d\u043e\u0432\u044b\u0439 \u044d\u043b\u0435\u043c\u0435\u043d\u0442 JournalEntry \u0432 \u0441\u043f\u0438\u0441\u043e\u043a List<JournalEntry>; \u0434\u043b\u044f \u0438\u043d\u0438\u0446\u0438\u0430\u043b\u0438\u0437\u0430\u0446\u0438\u0438 JournalEntry \u0438\u0441\u043f\u043e\u043b\u044c\u0437\u0443\u0435\u0442\u0441\u044f \u0438\u043d\u0444\u043e\u0440\u043c\u0430\u0446\u0438\u044f \u0438\u0437 \u043e\u0431\u044a\u0435\u043a\u0442\u0430 XListHandlerEventArgs, \u043a\u043e\u0442\u043e\u0440\u044b\u0439 \u043f\u0435\u0440\u0435\u0434\u0430\u0435\u0442\u0441\u044f \u0432\u043c\u0435\u0441\u0442\u0435 \u0441 \u0441\u043e\u0431\u044b\u0442\u0438\u0435\u043c;", "_type": "Paragraph"}, {"py/object": "Sto.Paragraph.Paragraph", "_text": "\u2022\t\u043f\u0435\u0440\u0435\u0433\u0440\u0443\u0436\u0435\u043d\u043d\u0443\u044e \u0432\u0435\u0440\u0441\u0438\u044e \u043c\u0435\u0442\u043e\u0434\u0430 string ToString() \u0434\u043b\u044f \u0444\u043e\u0440\u043c\u0438\u0440\u043e\u0432\u0430\u043d\u0438\u044f \u0441\u0442\u0440\u043e\u043a\u0438 \u0441 \u0438\u043d\u0444\u043e\u0440\u043c\u0430\u0446\u0438\u0435\u0439 \u043e\u0431\u043e \u0432\u0441\u0435\u0445 \u044d\u043b\u0435\u043c\u0435\u043d\u0442\u0430\u0445 \u0441\u043f\u0438\u0441\u043a\u0430 List<JournalEntry>.", "_type": "Paragraph"}, {"py/object": "Sto.Paragraph.Paragraph", "_text": "\u2003", "_type": "Paragraph"}, {"py/object": "Sto.Paragraph.Paragraph", "_text": "", "_type": "Paragraph"}, {"py/object": "Sto.Paragraph.Paragraph", "_text": "\u0412 \u043c\u0435\u0442\u043e\u0434\u0435 Main()", "_type": "Paragraph"}, {"py/object": "Sto.Paragraph.Paragraph", "_text": "1.\t\u0421\u043e\u0437\u0434\u0430\u0442\u044c \u0434\u0432\u0435 \u043a\u043e\u043b\u043b\u0435\u043a\u0446\u0438\u0438 XCollection.", "_type": "Paragraph"}, {"py/object": "Sto.Paragraph.Paragraph", "_text": "2.\t\u0421\u043e\u0437\u0434\u0430\u0442\u044c \u043e\u0431\u044a\u0435\u043a\u0442\u0430 \u0442\u0438\u043f\u0430 Journal  \u0438  \u043f\u043e\u0434\u043f\u0438\u0441\u0430\u0442\u044c \u0435\u0433\u043e \u043d\u0430 \u0441\u043e\u0431\u044b\u0442\u0438\u044f onXCountChanged \u0438 onXReferenceChanged \u0432\u0441\u0435\u0445 \u043a\u043e\u043b\u043b\u0435\u043a\u0446\u0438\u0439 XCollection", "_type": "Paragraph"}, {"py/object": "Sto.Paragraph.Paragraph", "_text": "3.\t\u0412\u043d\u0435\u0441\u0442\u0438 \u0438\u0437\u043c\u0435\u043d\u0435\u043d\u0438\u044f \u0432 \u043a\u043e\u043b\u043b\u0435\u043a\u0446\u0438\u044f\u0445 XCollection", "_type": "Paragraph"}, {"py/object": "Sto.Paragraph.Paragraph", "_text": "\u2022\t\u0434\u043e\u0431\u0430\u0432\u0438\u0442\u044c \u044d\u043b\u0435\u043c\u0435\u043d\u0442\u044b \u0432 \u043a\u043e\u043b\u043b\u0435\u043a\u0446\u0438\u0438;", "_type": "Paragraph"}, {"py/object": "Sto.Paragraph.Paragraph", "_text": "\u2022\t\u0443\u0434\u0430\u043b\u0438\u0442\u044c \u043d\u0435\u043a\u043e\u0442\u043e\u0440\u044b\u0435 \u044d\u043b\u0435\u043c\u0435\u043d\u0442\u044b \u0438\u0437 \u043a\u043e\u043b\u043b\u0435\u043a\u0446\u0438\u0439;", "_type": "Paragraph"}, {"py/object": "Sto.Paragraph.Paragraph", "_text": "\u2022\t\u043f\u0440\u0438\u0441\u0432\u043e\u0438\u0442\u044c \u043d\u0435\u043a\u043e\u0442\u043e\u0440\u044b\u043c \u044d\u043b\u0435\u043c\u0435\u043d\u0442\u0430\u043c \u043a\u043e\u043b\u043b\u0435\u043a\u0446\u0438\u0439 \u043d\u043e\u0432\u044b\u0435 \u0437\u043d\u0430\u0447\u0435\u043d\u0438\u044f;", "_type": "Paragraph"}, {"py/object": "Sto.Paragraph.Paragraph", "_text": "\u2022\t\u043f\u0440\u043e\u0432\u0435\u0441\u0442\u0438 \u0441\u043e\u0440\u0442\u0438\u0440\u043e\u0432\u043a\u0443 \u043a\u043e\u043b\u043b\u0435\u043a\u0446\u0438\u0438 \u043f\u043e \u0440\u0430\u0437\u043d\u044b\u043c \u043f\u043e\u043b\u044f\u043c", "_type": "Paragraph"}, {"py/object": "Sto.Paragraph.Paragraph", "_text": "\u2022\t\u043f\u0440\u043e\u0432\u0435\u0441\u0442\u0438 \u0441\u043e\u0440\u0442\u0438\u0440\u043e\u0432\u043a\u0443 \u0436\u0443\u0440\u043d\u0430\u043b\u0430 \u043f\u043e \u0442\u0438\u043f\u0430\u043c \u043e\u043f\u0435\u0440\u0430\u0446\u0438\u0438", "_type": "Paragraph"}, {"py/object": "Sto.Paragraph.Paragraph", "_text": "4. \u0412\u044b\u0432\u043e\u0434 \u043f\u0440\u043e\u0433\u0440\u0430\u043c\u043c\u044b \u0434\u043e\u043b\u0436\u0435\u043d \u043f\u043e\u043a\u0430\u0437\u0430\u0442\u044c \u0440\u0430\u0431\u043e\u0442\u0443 \u0432\u0441\u0435\u0445 \u0438\u0441\u043f\u043e\u043b\u044c\u0437\u0443\u0435\u043c\u044b\u0445 \u0442\u0435\u0445\u043d\u043e\u043b\u043e\u0433\u0438\u0439", "_type": "Paragraph"}, {"py/object": "Sto.Paragraph.Paragraph", "_text": "", "_type": "Paragraph"}, {"py/object": "Sto.Paragraph.Paragraph", "_text": "\u0412\u0430\u0440\u0438\u0430\u043d\u0442\u044b \u0437\u0430\u0434\u0430\u043d\u0438\u0439", "_type": "Paragraph"}, {"py/object": "Sto.Paragraph.Paragraph", "_text": "\u0418\u043c\u044f \u043a\u043b\u0430\u0441\u0441\u0430 \u0438 \u043f\u043e\u043b\u044f \u043a\u043b\u0430\u0441\u0441\u0430 \u0425 \u0434\u043b\u044f XCollection \u0432\u0437\u044f\u0442\u044c \u0438\u0437 \u043b\u0430\u0431\u043e\u0440\u0430\u0442\u043e\u0440\u043d\u043e\u0439 \u0440\u0430\u0431\u043e\u0442\u044b \u21163", "_type": "Paragraph"}, {"py/object": "Sto.Paragraph.Paragraph", "_text": "", "_type": "Paragraph"}, {"py/object": "Sto.Paragraph.Paragraph", "_text": "\u041d\u0430\u043f\u0440\u0438\u043c\u0435\u0440 \u0434\u043b\u044f \u0432\u0430\u0440\u0438\u0430\u043d\u0442\u0430 1 \u044d\u0442\u043e \u0431\u0443\u0434\u0435\u0442 \u043a\u043b\u0430\u0441\u0441 Student \u0441 \u043f\u043e\u043b\u044f\u043c\u0438", "_type": "Paragraph"}, {"py/object": "Sto.Paragraph.Paragraph", "_text": "\u25a1 \u0444\u0430\u043c\u0438\u043b\u0438\u044f \u0438 \u0438\u043d\u0438\u0446\u0438\u0430\u043b\u044b;", "_type": "Paragraph"}, {"py/object": "Sto.Paragraph.Paragraph", "_text": "\u25a1 \u043d\u043e\u043c\u0435\u0440 \u0433\u0440\u0443\u043f\u043f\u044b;", "_type": "Paragraph"}, {"py/object": "Sto.Paragraph.Paragraph", "_text": "\u25a1 \u0443\u0441\u043f\u0435\u0432\u0430\u0435\u043c\u043e\u0441\u0442\u044c (\u043c\u0430\u0441\u0441\u0438\u0432 \u0438\u0437 \u043f\u044f\u0442\u0438 \u044d\u043b\u0435\u043c\u0435\u043d\u0442\u043e\u0432).", "_type": "Paragraph"}, {"py/object": "Sto.Paragraph.Paragraph", "_text": "", "_type": "Paragraph"}], "_level": 1}, {"py/object": "Sto.Heading.Heading", "_text": "\u0418\u0441\u0445\u043e\u0434\u043d\u044b\u0439 \u043a\u043e\u0434 \u043e\u0441\u043d\u043e\u0432\u043d\u043e\u0433\u043e \u0430\u043b\u0433\u043e\u0440\u0438\u0442\u043c\u0430", "_type": "Heading", "_paragraphs": [{"py/object": "Sto.Paragraph.Paragraph", "_text": "", "_type": "Paragraph"}, {"py/object": "Sto.Listing.ListingDescription", "_text": "CSharpLabs.Lab04\\CSharpLabs.Lab04.Console\\Program.cs", "_type": "ListingDescription"}, {"py/object": "Sto.Listing.Listing", "_text": "\u043f\u00bb\u0457using System;\nusing System.Text;\n\nusing CSharpLabs.Lab04.Core;\n\nConsole.OutputEncoding = Encoding.UTF8;\n\nStudentCollection collection1 = new(\"\u0420\u0459\u0420\u0455\u0420\u00bb\u0420\u00bb\u0420\u00b5\u0420\u0454\u0421\u2020\u0420\u0451\u0421\u040f 1\");\nStudentCollection collection2 = new(\"\u0420\u0459\u0420\u0455\u0420\u00bb\u0420\u00bb\u0420\u00b5\u0420\u0454\u0421\u2020\u0420\u0451\u0421\u040f 2\");\n\nJournal journal = new();\n\ncollection1.OnStudentCountChanged += (_, eventArgs) => journal.StudentCountChanged(eventArgs);\ncollection1.OnStudentReferenceChanged += (_, eventArgs) => journal.StudentReferenceChanged(eventArgs);\ncollection2.OnStudentCountChanged += (_, eventArgs) => journal.StudentCountChanged(eventArgs);\ncollection2.OnStudentReferenceChanged += (_, eventArgs) => journal.StudentReferenceChanged(eventArgs);\n\n\ncollection1.AddDefaults();\ncollection2.AddDefaults();\n\ncollection1.Remove(5);\ncollection2.Remove(4);\ncollection1.Remove(3);\ncollection2.Remove(2);\ncollection1.Remove(1);\n\ncollection1[0] = collection1[0] with { Name = \"\u0420\u045c\u0420\u0455\u0420\u0406\u0420\u0455\u0420\u00b5 \u0420\u0451\u0420\u0458\u0421\u040f\" };\n\ncollection1.SortViaOrderBy(student => student.Name);\ncollection2.SortViaOrderBy(student => student.Group);\n\njournal.SortByType();\n\nConsole.WriteLine(journal);\n", "_type": "Listing"}, {"py/object": "Sto.Paragraph.Paragraph", "_text": "", "_type": "Paragraph"}, {"py/object": "Sto.Paragraph.Paragraph", "_text": "", "_type": "Paragraph"}, {"py/object": "Sto.Listing.ListingDescription", "_text": "CSharpLabs.Lab04\\CSharpLabs.Lab04.Core\\Journal.cs", "_type": "ListingDescription"}, {"py/object": "Sto.Listing.Listing", "_text": "using System;\nusing System.Collections.Generic;\n\nnamespace CSharpLabs.Lab04.Core\n{\n    public class Journal\n    {\n        private readonly List<JournalEntry> List = new();\n\n        public void StudentCountChanged(StudentCollection.StudentListHandlerEventArgs eventArgs)\n        {\n            List.Add(new JournalEntry(eventArgs.CollectionName, DateTimeOffset.Now, eventArgs.Type,\n                eventArgs.Element.ToString()));\n        }\n\n        public void StudentReferenceChanged(StudentCollection.StudentListHandlerEventArgs eventArgs)\n        {\n            List.Add(new JournalEntry(eventArgs.CollectionName, DateTimeOffset.Now, eventArgs.Type,\n                eventArgs.Element.ToString()));\n        }\n\n        public override string ToString() => String.Join(\";\\n\", List);\n\n        public void SortByType()\n        {\n            List.Sort((e1, e2) => String.Compare(e1.Type, e2.Type, StringComparison.Ordinal));\n        }\n    }\n}\n", "_type": "Listing"}, {"py/object": "Sto.Paragraph.Paragraph", "_text": "", "_type": "Paragraph"}, {"py/object": "Sto.Paragraph.Paragraph", "_text": "", "_type": "Paragraph"}, {"py/object": "Sto.Listing.ListingDescription", "_text": "CSharpLabs.Lab04\\CSharpLabs.Lab04.Core\\JournalEntry.cs", "_type": "ListingDescription"}, {"py/object": "Sto.Listing.Listing", "_text": "using System;\n\nnamespace CSharpLabs.Lab04.Core\n{\n    public record JournalEntry(string CollectionName, DateTimeOffset Time, string Type, string Data)\n    {\n        public override string ToString() =>\n            $\"CollectionName: {CollectionName}, \u0420\u2019\u0421\u0402\u0420\u00b5\u0420\u0458\u0421\u040f: {Time}, \u0420\u045e\u0420\u0451\u0420\u0457: {Type}, Data: {Data}\";\n    }\n}\n", "_type": "Listing"}, {"py/object": "Sto.Paragraph.Paragraph", "_text": "", "_type": "Paragraph"}, {"py/object": "Sto.Paragraph.Paragraph", "_text": "", "_type": "Paragraph"}, {"py/object": "Sto.Listing.ListingDescription", "_text": "CSharpLabs.Lab04\\CSharpLabs.Lab04.Core\\Student.cs", "_type": "ListingDescription"}, {"py/object": "Sto.Listing.Listing", "_text": "\u043f\u00bb\u0457using System;\nusing System.Collections.Generic;\n\nnamespace CSharpLabs.Lab04.Core\n{\n    public record Student(string Name, string Group, IEnumerable<int> Marks)\n    {\n        public override string ToString() =>\n            $\"Student: Name: {Name}; Group: {Group}; Marks: {String.Join(\", \", Marks)}\";\n    }\n}\n", "_type": "Listing"}, {"py/object": "Sto.Paragraph.Paragraph", "_text": "", "_type": "Paragraph"}, {"py/object": "Sto.Paragraph.Paragraph", "_text": "", "_type": "Paragraph"}, {"py/object": "Sto.Listing.ListingDescription", "_text": "CSharpLabs.Lab04/CSharpLabs.Lab04.Core/StudentCollection.cs", "_type": "ListingDescription"}, {"py/object": "Sto.Listing.Listing", "_text": "using System;\nusing System.Collections;\nusing System.Collections.Generic;\nusing System.Linq;\n\nnamespace CSharpLabs.Lab04.Core\n{\n    public class StudentCollection : IEnumerable<Student>\n    {\n        public delegate void StudentListHandler(object source, StudentListHandlerEventArgs args);\n\n        private List<Student> List = new();\n\n        private StudentListHandler onStudentCountChanged;\n\n        private StudentListHandler onStudentReferenceChanged;\n\n        public StudentCollection(string collectionName) => CollectionName = collectionName;\n\n        public string CollectionName { get; }\n\n        public Student this[int j]\n        {\n            get => List[j];\n            set\n            {\n                onStudentReferenceChanged?.Invoke(this,\n                    new StudentListHandlerEventArgs(CollectionName, \"\u0417\u0430\u043c\u0435\u043d\u0430\", value));\n                List[j] = value;\n            }\n        }\n\n        public IEnumerator<Student> GetEnumerator() => throw new NotImplementedException();\n\n        IEnumerator IEnumerable.GetEnumerator() => GetEnumerator();\n\n        public bool Add(int j, Student record)\n        {\n            if (List.Count <= j)\n            {\n                return false;\n            }\n\n            List.Insert(j, record);\n            return true;\n        }\n\n        public bool Remove(int j)\n        {\n            if (List.Count <= j)\n            {\n                return false;\n            }\n\n            onStudentCountChanged?.Invoke(this, new StudentListHandlerEventArgs(CollectionName, \"\u0423\u0434\u0430\u043b\u0435\u043d\u0438\u0435\", List[j]));\n            List.RemoveAt(j);\n            return true;\n        }\n\n        public void AddDefaults()\n        {\n            var s1 = new Student(\"\u0422\u0438\u043c\u043e\u0444\u0435\u0435\u0432 \u041c.\u0410.\", \"\u041a\u041818-16\u0431\", new[] {1, 2, 3, 4, 5});\n            onStudentReferenceChanged?.Invoke(this, new StudentListHandlerEventArgs(CollectionName, \"\u0414\u043e\u0431\u0430\u0432\u043b\u0435\u043d\u0438\u0435\", s1));\n            List.Add(s1);\n            var s2 = new Student(\"\u0422\u0438\u043c\u043e\u0444\u0435\u0435\u0432 \u041c.\u041f.\", \"\u041a\u041818-17\u0431\", new[] {2, 2, 3, 4, 5});\n            onStudentReferenceChanged?.Invoke(this, new StudentListHandlerEventArgs(CollectionName, \"\u0414\u043e\u0431\u0430\u0432\u043b\u0435\u043d\u0438\u0435\", s2));\n            List.Add(s2);\n            var s3 = new Student(\"\u041c\u0430\u043a\u0441\u0438\u043c\u043e\u0432 \u041c.\u041f.\", \"\u041a\u041818-15\u0431\", new[] {3, 2, 3, 4, 5});\n            onStudentReferenceChanged?.Invoke(this, new StudentListHandlerEventArgs(CollectionName, \"\u0414\u043e\u0431\u0430\u0432\u043b\u0435\u043d\u0438\u0435\", s3));\n            List.Add(s3);\n            var s4 = new Student(\"\u041c\u0430\u043a\u0441\u0438\u043c\u043e\u0432 \u0422.\u041f.\", \"\u041a\u041818-165\u0431\", new[] {4, 2, 3, 4, 5});\n            onStudentReferenceChanged?.Invoke(this, new StudentListHandlerEventArgs(CollectionName, \"\u0414\u043e\u0431\u0430\u0432\u043b\u0435\u043d\u0438\u0435\", s4));\n            List.Add(s4);\n            var s5 = new Student(\"\u041c\u0430\u043a\u0441\u0438\u043c\u043e\u0432 \u0422.\u0410.\", \"\u041a\u041818-165\u0431\", new[] {5, 2, 3, 4, 5});\n            onStudentReferenceChanged?.Invoke(this, new StudentListHandlerEventArgs(CollectionName, \"\u0414\u043e\u0431\u0430\u0432\u043b\u0435\u043d\u0438\u0435\", s5));\n            List.Add(s5);\n        }\n\n        public void AddStudent(params Student[] students)\n        {\n            foreach (var i in students)\n            {\n                onStudentReferenceChanged?.Invoke(this,\n                    new StudentListHandlerEventArgs(CollectionName, \"\u0414\u043e\u0431\u0430\u0432\u043b\u0435\u043d\u0438\u0435\", i));\n                List.Add(i);\n            }\n        }\n\n        public void SortViaOrderBy<T>(Func<Student, T> f)\n        {\n            List = List.OrderBy(f).ToList();\n        }\n\n        public event StudentListHandler OnStudentCountChanged\n        {\n            add\n            {\n                onStudentCountChanged += value;\n                Console.WriteLine($\"{value.Method.Name} \u0434\u043e\u0431\u0430\u0432\u043b\u0435\u043d\");\n            }\n            remove\n            {\n                onStudentCountChanged -= value;\n                Console.WriteLine($\"{value.Method.Name} \u0443\u0434\u0430\u043b\u0435\u043d\");\n            }\n        }\n\n        public event StudentListHandler OnStudentReferenceChanged\n        {\n            add\n            {\n                onStudentReferenceChanged += value;\n                Console.WriteLine($\"{value.Method.Name} \u0434\u043e\u0431\u0430\u0432\u043b\u0435\u043d\");\n            }\n            remove\n            {\n                onStudentReferenceChanged -= value;\n                Console.WriteLine($\"{value.Method.Name} \u0443\u0434\u0430\u043b\u0435\u043d\");\n            }\n        }\n\n        public record StudentListHandlerEventArgs(string CollectionName, string Type, Student Element);\n    }\n}\n", "_type": "Listing"}, {"py/object": "Sto.Paragraph.Paragraph", "_text": "", "_type": "Paragraph"}], "_level": 1}], "_resources_list": null, "_attachments": []}