{"py/object": "Sto.StoDocument.StoDocument", "_title_page": {"py/object": "Sto.Title.TitlePage", "_paragraphs": [{"py/object": "Sto.Title.ForHelpTitlePageCenter", "_text": "\u0424\u0435\u0434\u0435\u0440\u0430\u043b\u044c\u043d\u043e\u0435 \u0433\u043e\u0441\u0443\u0434\u0430\u0440\u0441\u0442\u0432\u0435\u043d\u043d\u043e\u0435 \u0430\u0432\u0442\u043e\u043d\u043e\u043c\u043d\u043e\u0435", "_type": "TypeForHelpTitlePageCenter"}, {"py/object": "Sto.Title.ForHelpTitlePageCenter", "_text": "\u043e\u0431\u0440\u0430\u0437\u043e\u0432\u0430\u0442\u0435\u043b\u044c\u043d\u043e\u0435 \u0443\u0447\u0440\u0435\u0436\u0434\u0435\u043d\u0438\u0435", "_type": "TypeForHelpTitlePageCenter"}, {"py/object": "Sto.Title.ForHelpTitlePageCenter", "_text": "\u0432\u044b\u0441\u0448\u0435\u0433\u043e \u043e\u0431\u0440\u0430\u0437\u043e\u0432\u0430\u043d\u0438\u044f", "_type": "TypeForHelpTitlePageCenter"}, {"py/object": "Sto.Title.ForHelpTitlePageCenter", "_text": "\u00ab\u0421\u0418\u0411\u0418\u0420\u0421\u041a\u0418\u0419 \u0424\u0415\u0414\u0415\u0420\u0410\u041b\u042c\u041d\u042b\u0419 \u0423\u041d\u0418\u0412\u0415\u0420\u0421\u0418\u0422\u0415\u0422\u00bb", "_type": "TypeForHelpTitlePageCenter"}, {"py/object": "Sto.Title.ForHelpTitlePageCenter", "_text": "", "_type": "TypeForHelpTitlePageCenter"}, {"py/object": "Sto.Title.DepartmentAndSubject", "_text": "\u0418\u043d\u0441\u0442\u0438\u0442\u0443\u0442 \u041a\u043e\u0441\u043c\u0438\u0447\u0435\u0441\u043a\u0438\u0445 \u0438 \u0438\u043d\u0444\u043e\u0440\u043c\u0430\u0446\u0438\u043e\u043d\u043d\u044b\u0445 \u0442\u0435\u0445\u043d\u043e\u043b\u043e\u0433\u0438\u0439", "_type": "DepartmentAndSubject"}, {"py/object": "Sto.Title.Subscript", "_text": "\u0438\u043d\u0441\u0442\u0438\u0442\u0443\u0442", "_type": "Subscript"}, {"py/object": "Sto.Title.DepartmentAndSubject", "_text": "\u041a\u0430\u0444\u0435\u0434\u0440\u0430 \u00ab\u0418\u043d\u0444\u043e\u0440\u043c\u0430\u0442\u0438\u043a\u0430\u00bb", "_type": "DepartmentAndSubject"}, {"py/object": "Sto.Title.Subscript", "_text": "\u043a\u0430\u0444\u0435\u0434\u0440\u0430", "_type": "Subscript"}, {"py/object": "Sto.Title.ForHelpTitlePageCenter", "_text": "", "_type": "TypeForHelpTitlePageCenter"}, {"py/object": "Sto.Title.ForHelpTitlePageCenter", "_text": "", "_type": "TypeForHelpTitlePageCenter"}, {"py/object": "Sto.Title.ForHelpTitlePageCenter", "_text": "", "_type": "TypeForHelpTitlePageCenter"}, {"py/object": "Sto.Title.ForHelpTitlePageCenter", "_text": "", "_type": "TypeForHelpTitlePageCenter"}, {"py/object": "Sto.Title.ForHelpTitlePageCenter", "_text": "", "_type": "TypeForHelpTitlePageCenter"}, {"py/object": "Sto.Title.ForHelpTitlePageCenter", "_text": "", "_type": "TypeForHelpTitlePageCenter"}, {"py/object": "Sto.Title.ForHelpTitlePageCenter", "_text": "", "_type": "TypeForHelpTitlePageCenter"}, {"py/object": "Sto.Title.ForHelpTitlePageCenter", "_text": "", "_type": "TypeForHelpTitlePageCenter"}, {"py/object": "Sto.Title.ForHelpTitlePageCenter", "_text": "", "_type": "TypeForHelpTitlePageCenter"}, {"py/object": "Sto.Title.ForHelpTitlePageCenter", "_text": "", "_type": "TypeForHelpTitlePageCenter"}, {"py/object": "Sto.Title.JobTitle", "_text": "\u041e\u0422\u0427\u0415\u0422 \u041f\u041e \u041b\u0410\u0411\u041e\u0420\u0410\u0422\u041e\u0420\u041d\u041e\u0419 \u0420\u0410\u0411\u041e\u0422\u0415 \u21166", "_type": "JobTitle"}, {"py/object": "Sto.Title.ForHelpTitlePageCenter", "_text": "", "_type": "TypeForHelpTitlePageCenter"}, {"py/object": "Sto.Title.DepartmentAndSubject", "_text": "\u0410\u0441\u0438\u043d\u0445\u0440\u043e\u043d\u043d\u043e\u0435 \u043f\u0440\u043e\u0433\u0440\u0430\u043c\u043c\u0438\u0440\u043e\u0432\u0430\u043d\u0438\u0435", "_type": "DepartmentAndSubject"}, {"py/object": "Sto.Title.Subscript", "_text": "\u0442\u0435\u043c\u0430", "_type": "Subscript"}, {"py/object": "Sto.Title.ForHelpTitlePageCenter", "_text": "", "_type": "TypeForHelpTitlePageCenter"}, {"py/object": "Sto.Title.ForHelpTitlePageCenter", "_text": "", "_type": "TypeForHelpTitlePageCenter"}, {"py/object": "Sto.Title.ForHelpTitlePageCenter", "_text": "", "_type": "TypeForHelpTitlePageCenter"}, {"py/object": "Sto.Title.ForHelpTitlePageCenter", "_text": "\u0412\u0430\u0440\u0438\u0430\u043d\u0442 11", "_type": "TypeForHelpTitlePageCenter"}, {"py/object": "Sto.Title.ForHelpTitlePageCenter", "_text": "", "_type": "TypeForHelpTitlePageCenter"}, {"py/object": "Sto.Title.ForHelpTitlePageCenter", "_text": "", "_type": "TypeForHelpTitlePageCenter"}, {"py/object": "Sto.Title.ForHelpTitlePageCenter", "_text": "", "_type": "TypeForHelpTitlePageCenter"}, {"py/object": "Sto.Title.ForHelpTitlePageCenter", "_text": "", "_type": "TypeForHelpTitlePageCenter"}, {"py/object": "Sto.Title.TeacherAndStudent", "_text": "\u0442\u0430\u0431\u043b\u0438\u0446\u0430", "_type": "TeacherAndStudent", "_table": ["\u041f\u0440\u0435\u043f\u043e\u0434\u0430\u0432\u0430\u0442\u0435\u043b\u044c", " ", "\u0410. \u0410. \u0427\u0438\u043a\u0438\u0437\u043e\u0432", " ", "\u043f\u043e\u0434\u043f\u0438\u0441\u044c, \u0434\u0430\u0442\u0430", "\u0438\u043d\u0438\u0446\u0438\u0430\u043b\u044b, \u0444\u0430\u043c\u0438\u043b\u0438\u044f", "\u0421\u0442\u0443\u0434\u0435\u043d\u0442 \u041a\u041818-16\u0431  031831229", " ", "\u0412. \u0410. \u041f\u0440\u0435\u043a\u0435\u043b\u044c", "\u043d\u043e\u043c\u0435\u0440 \u0433\u0440\u0443\u043f\u043f\u044b, \u0437\u0430\u0447\u0435\u0442\u043d\u043e\u0439 \u043a\u043d\u0438\u0436\u043a\u0438", "\u043f\u043e\u0434\u043f\u0438\u0441\u044c, \u0434\u0430\u0442\u0430", "\u0438\u043d\u0438\u0446\u0438\u0430\u043b\u044b, \u0444\u0430\u043c\u0438\u043b\u0438\u044f"]}, {"py/object": "Sto.Title.ForHelpTitlePageCenter", "_text": "", "_type": "TypeForHelpTitlePageCenter"}, {"py/object": "Sto.Title.ForHelpTitlePageCenter", "_text": "", "_type": "TypeForHelpTitlePageCenter"}, {"py/object": "Sto.Title.ForHelpTitlePageCenter", "_text": "", "_type": "TypeForHelpTitlePageCenter"}, {"py/object": "Sto.Title.ForHelpTitlePageCenter", "_text": "", "_type": "TypeForHelpTitlePageCenter"}, {"py/object": "Sto.Title.ForHelpTitlePageCenter", "_text": "", "_type": "TypeForHelpTitlePageCenter"}, {"py/object": "Sto.Title.ForHelpTitlePageCenter", "_text": "", "_type": "TypeForHelpTitlePageCenter"}, {"py/object": "Sto.Title.ForHelpTitlePageCenter", "_text": "", "_type": "TypeForHelpTitlePageCenter"}, {"py/object": "Sto.Title.ForHelpTitlePageCenter", "_text": "", "_type": "TypeForHelpTitlePageCenter"}, {"py/object": "Sto.Title.ForHelpTitlePageCenter", "_text": "", "_type": "TypeForHelpTitlePageCenter"}, {"py/object": "Sto.Title.ForHelpTitlePageCenter", "_text": "", "_type": "TypeForHelpTitlePageCenter"}, {"py/object": "Sto.Title.ForHelpTitlePageCenter", "_text": "\u041a\u0440\u0430\u0441\u043d\u043e\u044f\u0440\u0441\u043a 2020", "_type": "TypeForHelpTitlePageCenter"}]}, "_headings": [{"py/object": "Sto.Heading.Heading", "_text": "\u0417\u0430\u0434\u0430\u043d\u0438\u0435", "_type": "Heading", "_paragraphs": [{"py/object": "Sto.Paragraph.Paragraph", "_text": "\u0420\u0430\u0441\u043f\u0430\u0440\u0430\u043b\u043b\u0435\u043b\u0438\u0442\u044c \u0432\u044b\u043f\u043e\u043b\u043d\u0435\u043d\u0438\u0435 \u043f\u0440\u043e\u0433\u0440\u0430\u043c\u043c\u044b \u0438\u0437 \u043b\u0430\u0431\u043e\u0440\u0430\u0442\u043e\u0440\u043d\u043e\u0439 \u0440\u0430\u0431\u043e\u0442\u044b 1.", "_type": "Paragraph"}], "_level": 1}, {"py/object": "Sto.Heading.Heading", "_text": "\u0425\u043e\u0434 \u0440\u0430\u0431\u043e\u0442\u044b", "_type": "Heading", "_paragraphs": [{"py/object": "Sto.Paragraph.Paragraph", "_text": "\u0418\u0441\u043f\u043e\u043b\u044c\u0437\u0443\u0435\u0442\u0441\u044f \u044f\u0437\u044b\u043a F# \u0438 \u0433\u043e\u0442\u043e\u0432\u044b\u0435 \u0440\u0435\u0430\u043b\u0438\u0437\u0430\u0446\u0438\u0438 \u0430\u043b\u0433\u043e\u0440\u0438\u0442\u043c\u0430 \u0438\u0437 \u043f\u0435\u0440\u0432\u043e\u0439 \u043b\u0430\u0431\u043e\u0440\u0430\u0442\u043e\u0440\u043d\u043e\u0439 \u0440\u0430\u0431\u043e\u0442\u044b.", "_type": "Paragraph"}, {"py/object": "Sto.Paragraph.Paragraph", "_text": "\u0412\u044b\u0447\u0438\u0441\u043b\u0435\u043d\u0438\u0435 10000 \u0437\u043d\u0430\u0447\u0435\u043d\u0438\u0439 \u043e\u0442 1.0 \u0434\u043e 1.000001 \u0441 \u0448\u0430\u0433\u043e\u043c 0.0000000001 \u0438\u0441\u043f\u043e\u043b\u044c\u0437\u0443\u044f \u0430\u043b\u0433\u043e\u0440\u0438\u0442\u043c, \u0438\u0441\u043f\u043e\u043b\u044c\u0437\u0443\u044e\u0449\u0438\u0439 \u0432\u0435\u043a\u0442\u043e\u0440\u043d\u044b\u0435 AVX-\u0438\u043d\u0441\u0442\u0440\u0443\u043a\u0446\u0438\u0438 \u043f\u0430\u0440\u0430\u043b\u043b\u0435\u043b\u044c\u043d\u043e \u0441\u043e \u0441\u0442\u0435\u043f\u0435\u043d\u044c\u044e \u043f\u0430\u0440\u0430\u043b\u043b\u0435\u043b\u0438\u0437\u043c\u0430 12 (\u0440\u0430\u0432\u043d\u043e\u0439 \u0447\u0438\u0441\u043b\u0443 \u043b\u043e\u0433\u0438\u0447\u0435\u0441\u043a\u0438\u0445 \u044f\u0434\u0435\u0440). \u0412\u044b\u0432\u043e\u0434 \u0432\u0440\u0435\u043c\u0435\u043d\u0438 \u0432\u044b\u043f\u043e\u043b\u043d\u0435\u043d\u0438\u044f \u0432 \u043c\u0438\u043b\u043b\u0438\u0441\u0435\u043a\u0443\u043d\u0434\u0430\u0445 \u0438 \u043f\u0435\u0440\u0432\u044b\u0445 10 \u0440\u0435\u0437\u0443\u043b\u044c\u0442\u0430\u0442\u043e\u0432.", "_type": "Paragraph"}, {"py/object": "Sto.Paragraph.Paragraph", "_text": "", "_type": "Paragraph"}, {"py/object": "Sto.Listing.ListingDescription", "_text": "CSharpLabs.Lab06/CSharpLabs.Lab06.FSharp/Program.fs", "_type": "ListingDescription"}, {"py/object": "Sto.Listing.Listing", "_text": "open System\nopen System.Diagnostics\nopen CSharpLabs.Lab01.Core.InverseHyperbolicCotangent\n\nlet calcAsync (x, eps) =\n    async {\n        let calc = ArcothAvx()\n        let a = calc.Calculate(x, eps, Int32.MaxValue)\n        return (x, a, calc.N, calc.Status)\n    }\n\n[<EntryPoint>]\nlet main argv =\n    let sw = Stopwatch()\n    sw.Start()\n\n    let a =\n        [ 1.0 .. 0.0000000001 .. 1.000001 ]\n        |> Seq.map (fun i -> (i, 1e-9))\n        |> Seq.map calcAsync\n        |> (fun r -> Async.Parallel(r, 12))\n        |> Async.RunSynchronously\n\n    printfn \"%f\" sw.Elapsed.TotalMilliseconds\n\n    printfn\n        \"%s\"\n        (a\n         |> Array.take 10\n         |> Array.map (fun (x, res, n, status) ->\n             $\" {x, 20} | {ArcothAvx.ReferenceFunction(x), 20} | {res, 20} | {n, 10} | {status, 20}\")\n         |> String.concat \"\\n\")\n\n    0\n", "_type": "Listing"}, {"py/object": "Sto.Paragraph.Paragraph", "_text": "", "_type": "Paragraph"}, {"py/object": "Sto.Paragraph.Paragraph", "_text": "", "_type": "Paragraph"}, {"py/object": "Sto.Picture.Picture", "_text": "12p.png", "_type": "Picture"}, {"py/object": "Sto.Picture.PictureDescription", "_text": "\u0412\u044b\u043f\u043e\u043b\u043d\u0435\u043d\u0438\u0435 \u0441\u043e \u0441\u0442\u0435\u043f\u0435\u043d\u044c\u044e \u043f\u0430\u0440\u0430\u043b\u043b\u0435\u043b\u0438\u0437\u043c\u0430 12", "_type": "PictureDescription"}, {"py/object": "Sto.Paragraph.Paragraph", "_text": "", "_type": "Paragraph"}, {"py/object": "Sto.Paragraph.Paragraph", "_text": "", "_type": "Paragraph"}, {"py/object": "Sto.Picture.Picture", "_text": "12q.png", "_type": "Picture"}, {"py/object": "Sto.Picture.PictureDescription", "_text": "\u0417\u0430\u0433\u0440\u0443\u0437\u043a\u0430 \u043f\u0440\u043e\u0446\u0435\u0441\u0441\u043e\u0440\u0430 \u0441\u043e \u0441\u0442\u0435\u043f\u0435\u043d\u044c\u044e \u043f\u0430\u0440\u0430\u043b\u043b\u0435\u043b\u0438\u0437\u043c\u0430 12", "_type": "PictureDescription"}, {"py/object": "Sto.Paragraph.Paragraph", "_text": "", "_type": "Paragraph"}, {"py/object": "Sto.Paragraph.Paragraph", "_text": "\u0412 \u0441\u0442\u0440\u043e\u0447\u043a\u0435 (fun r -> Async.Parallel(r, 12)) \u0447\u0438\u0441\u043b\u043e - \u044d\u0442\u043e \u0441\u0442\u0435\u043f\u0435\u043f\u044c \u043f\u0430\u0440\u0430\u043b\u043b\u0435\u043b\u0438\u0437\u043c\u0430. \u0417\u0430\u043f\u0443\u0441\u0442\u0438\u043c \u0441\u043e \u0441\u0442\u0435\u043f\u0435\u043d\u044c\u044e 6 \u0438 1.", "_type": "Paragraph"}, {"py/object": "Sto.Paragraph.Paragraph", "_text": "", "_type": "Paragraph"}, {"py/object": "Sto.Picture.Picture", "_text": "6p.png", "_type": "Picture"}, {"py/object": "Sto.Picture.PictureDescription", "_text": "\u0412\u044b\u043f\u043e\u043b\u043d\u0435\u043d\u0438\u0435 \u0441\u043e \u0441\u0442\u0435\u043f\u0435\u043d\u044c\u044e \u043f\u0430\u0440\u0430\u043b\u043b\u0435\u043b\u0438\u0437\u043c\u0430 6", "_type": "PictureDescription"}, {"py/object": "Sto.Paragraph.Paragraph", "_text": "", "_type": "Paragraph"}, {"py/object": "Sto.Paragraph.Paragraph", "_text": "", "_type": "Paragraph"}, {"py/object": "Sto.Picture.Picture", "_text": "6q.png", "_type": "Picture"}, {"py/object": "Sto.Picture.PictureDescription", "_text": "\u0417\u0430\u0433\u0440\u0443\u0437\u043a\u0430 \u043f\u0440\u043e\u0446\u0435\u0441\u0441\u043e\u0440\u0430 \u0441\u043e \u0441\u0442\u0435\u043f\u0435\u043d\u044c\u044e \u043f\u0430\u0440\u0430\u043b\u043b\u0435\u043b\u0438\u0437\u043c\u0430 6", "_type": "PictureDescription"}, {"py/object": "Sto.Paragraph.Paragraph", "_text": "", "_type": "Paragraph"}, {"py/object": "Sto.Paragraph.Paragraph", "_text": "", "_type": "Paragraph"}, {"py/object": "Sto.Picture.Picture", "_text": "1p.png", "_type": "Picture"}, {"py/object": "Sto.Picture.PictureDescription", "_text": "\u0412\u044b\u043f\u043e\u043b\u043d\u0435\u043d\u0438\u0435 \u0441\u043e \u0441\u0442\u0435\u043f\u0435\u043d\u044c\u044e \u043f\u0430\u0440\u0430\u043b\u043b\u0435\u043b\u0438\u0437\u043c\u0430 1", "_type": "PictureDescription"}, {"py/object": "Sto.Paragraph.Paragraph", "_text": "", "_type": "Paragraph"}, {"py/object": "Sto.Paragraph.Paragraph", "_text": "", "_type": "Paragraph"}, {"py/object": "Sto.Picture.Picture", "_text": "1q.png", "_type": "Picture"}, {"py/object": "Sto.Picture.PictureDescription", "_text": "\u0417\u0430\u0433\u0440\u0443\u0437\u043a\u0430 \u043f\u0440\u043e\u0446\u0435\u0441\u0441\u043e\u0440\u0430 \u0441\u043e \u0441\u0442\u0435\u043f\u0435\u043d\u044c\u044e \u043f\u0430\u0440\u0430\u043b\u043b\u0435\u043b\u0438\u0437\u043c\u0430 1", "_type": "PictureDescription"}, {"py/object": "Sto.Paragraph.Paragraph", "_text": "", "_type": "Paragraph"}, {"py/object": "Sto.Paragraph.Paragraph", "_text": "\u0422\u0430\u043a \u0436\u0435 \u043d\u0430\u043f\u0438\u0441\u0430\u043d \u0431\u0435\u043d\u0447\u043c\u0430\u0440\u043a \u043d\u0430 \u0444\u0440\u0435\u0439\u043c\u0432\u043e\u0440\u043a\u0435 BenchmarkDotNet. \u0412 \u0438\u0437\u043c\u0435\u0440\u044f\u0435\u043c\u043e\u043c \u043c\u0435\u0442\u043e\u0434\u0435 \u0432\u044b\u0447\u0438\u0441\u043b\u044f\u0435\u0442\u0441\u044f \u0434\u043b\u044f 120 \u0437\u043d\u0430\u0447\u0435\u043d\u0438\u0439 \u043e\u0442 1.0000000 \u0434\u043e 1.0000120 \u0441 0.0000001 \u0434\u0432\u0443\u043c\u044f \u0441\u043f\u043e\u0441\u043e\u0431\u0430\u043c\u0438: \u0441 \u0438\u0441\u043f\u043e\u043b\u044c\u0437\u043e\u0432\u0430\u043d\u0438\u0435\u043c AVX \u0438\u043d\u0441\u0442\u0440\u0443\u043a\u0446\u0438\u0439 \u0438 \u0431\u0435\u0437. \u0418\u0437\u043c\u0435\u0440\u044f\u0435\u0442\u0441\u044f \u0434\u043b\u044f \u0440\u0430\u0437\u043d\u043e\u0439 \u0441\u0442\u0435\u043f\u0435\u043d\u0438 \u043f\u0430\u0440\u0440\u0430\u043b\u0435\u043b\u0438\u0437\u043c\u0430 \u043e\u0442 1 \u0434\u043e 24.", "_type": "Paragraph"}, {"py/object": "Sto.Paragraph.Paragraph", "_text": "", "_type": "Paragraph"}, {"py/object": "Sto.Listing.ListingDescription", "_text": "CSharpLabs.Lab06/CSharpLabs.Lab06.FSharp.Benchmark/ArcothArcothBenchmark.fs", "_type": "ListingDescription"}, {"py/object": "Sto.Listing.Listing", "_text": "module ArcothArcothBenchmark\n\nopen System\nopen BenchmarkDotNet.Attributes\n\nopen CSharpLabs.Lab01.Core.InverseHyperbolicCotangent\n\nlet calcAsync (calcCreator: (unit -> AbstractArcoth)) x =\n    async {\n        let calc = calcCreator ()\n        calc.Calculate(x, 1e-7, Int32.MaxValue) |> ignore\n    }\n\n[<HtmlExporter>]\n[<CsvExporter>]\n[<RPlotExporter>]\ntype ArcothArcothBenchmark() =\n    let arr =\n        [| 1.0000000 .. 0.0000001 .. 1.0000120 |]\n\n    member val public CalcCreators: (unit -> AbstractArcoth) list = [ fun () -> upcast (ArcothAvx())\n                                                                      //fun () -> upcast (ArcothLinq())\n                                                                      //fun () -> upcast (ArcothNaive())\n                                                                      fun () -> upcast (ArcothOptimized()) ] with get, set\n\n    [<ParamsSource(\"CalcCreators\")>]\n    member val public CalcCreator: (unit -> AbstractArcoth) = fun () -> upcast (ArcothAvx()) with get, set\n\n    member val public Degrees = [ 1 .. Environment.ProcessorCount * 2 ] with get, set\n\n    [<ParamsSource(\"Degrees\")>]\n    member val public Degree = 0 with get, set\n\n    [<Benchmark>]\n    member this.BenchmarkParallelDegree() =\n        arr\n        |> Seq.map (calcAsync this.CalcCreator)\n        |> (fun r -> Async.Parallel(r, this.Degree))\n        |> Async.RunSynchronously\n", "_type": "Listing"}, {"py/object": "Sto.Paragraph.Paragraph", "_text": "", "_type": "Paragraph"}, {"py/object": "Sto.Paragraph.Paragraph", "_text": "\u0420\u0435\u0437\u0443\u043b\u044c\u0442\u0430\u0442\u044b (\"Arcot(...)or@21 [30]\" \u0441 AVX, \"Arcot(...)@24-1 [32]\" - \u0431\u0435\u0437 AVX): ", "_type": "Paragraph"}, {"py/object": "Sto.Paragraph.Paragraph", "_text": "", "_type": "Paragraph"}, {"py/object": "Sto.Picture.Picture", "_text": "Screenshot_2020-12-22 ArcothArcothBenchmark ArcothArcothBenchmark-20201216-141447.png", "_type": "Picture"}, {"py/object": "Sto.Picture.PictureDescription", "_text": "\u0420\u0435\u0437\u0443\u043b\u044c\u0442\u0430\u0442\u044b", "_type": "PictureDescription"}, {"py/object": "Sto.Paragraph.Paragraph", "_text": "", "_type": "Paragraph"}], "_level": 1}], "_resources_list": null, "_attachments": []}