{"py/object": "Sto.StoDocument.StoDocument", "_title_page": {"py/object": "Sto.Title.TitlePage", "_paragraphs": [{"py/object": "Sto.Title.ForHelpTitlePageCenter", "_text": "\u0424\u0435\u0434\u0435\u0440\u0430\u043b\u044c\u043d\u043e\u0435 \u0433\u043e\u0441\u0443\u0434\u0430\u0440\u0441\u0442\u0432\u0435\u043d\u043d\u043e\u0435 \u0430\u0432\u0442\u043e\u043d\u043e\u043c\u043d\u043e\u0435", "_type": "TypeForHelpTitlePageCenter"}, {"py/object": "Sto.Title.ForHelpTitlePageCenter", "_text": "\u043e\u0431\u0440\u0430\u0437\u043e\u0432\u0430\u0442\u0435\u043b\u044c\u043d\u043e\u0435 \u0443\u0447\u0440\u0435\u0436\u0434\u0435\u043d\u0438\u0435", "_type": "TypeForHelpTitlePageCenter"}, {"py/object": "Sto.Title.ForHelpTitlePageCenter", "_text": "\u0432\u044b\u0441\u0448\u0435\u0433\u043e \u043e\u0431\u0440\u0430\u0437\u043e\u0432\u0430\u043d\u0438\u044f", "_type": "TypeForHelpTitlePageCenter"}, {"py/object": "Sto.Title.ForHelpTitlePageCenter", "_text": "\u00ab\u0421\u0418\u0411\u0418\u0420\u0421\u041a\u0418\u0419 \u0424\u0415\u0414\u0415\u0420\u0410\u041b\u042c\u041d\u042b\u0419 \u0423\u041d\u0418\u0412\u0415\u0420\u0421\u0418\u0422\u0415\u0422\u00bb", "_type": "TypeForHelpTitlePageCenter"}, {"py/object": "Sto.Title.ForHelpTitlePageCenter", "_text": "", "_type": "TypeForHelpTitlePageCenter"}, {"py/object": "Sto.Title.DepartmentAndSubject", "_text": "\u0418\u043d\u0441\u0442\u0438\u0442\u0443\u0442 \u041a\u043e\u0441\u043c\u0438\u0447\u0435\u0441\u043a\u0438\u0445 \u0438 \u0438\u043d\u0444\u043e\u0440\u043c\u0430\u0446\u0438\u043e\u043d\u043d\u044b\u0445 \u0442\u0435\u0445\u043d\u043e\u043b\u043e\u0433\u0438\u0439", "_type": "DepartmentAndSubject"}, {"py/object": "Sto.Title.Subscript", "_text": "\u0438\u043d\u0441\u0442\u0438\u0442\u0443\u0442", "_type": "Subscript"}, {"py/object": "Sto.Title.DepartmentAndSubject", "_text": "\u041a\u0430\u0444\u0435\u0434\u0440\u0430 \u00ab\u0418\u043d\u0444\u043e\u0440\u043c\u0430\u0442\u0438\u043a\u0430\u00bb", "_type": "DepartmentAndSubject"}, {"py/object": "Sto.Title.Subscript", "_text": "\u043a\u0430\u0444\u0435\u0434\u0440\u0430", "_type": "Subscript"}, {"py/object": "Sto.Title.ForHelpTitlePageCenter", "_text": "", "_type": "TypeForHelpTitlePageCenter"}, {"py/object": "Sto.Title.ForHelpTitlePageCenter", "_text": "", "_type": "TypeForHelpTitlePageCenter"}, {"py/object": "Sto.Title.ForHelpTitlePageCenter", "_text": "", "_type": "TypeForHelpTitlePageCenter"}, {"py/object": "Sto.Title.ForHelpTitlePageCenter", "_text": "", "_type": "TypeForHelpTitlePageCenter"}, {"py/object": "Sto.Title.ForHelpTitlePageCenter", "_text": "", "_type": "TypeForHelpTitlePageCenter"}, {"py/object": "Sto.Title.ForHelpTitlePageCenter", "_text": "", "_type": "TypeForHelpTitlePageCenter"}, {"py/object": "Sto.Title.ForHelpTitlePageCenter", "_text": "", "_type": "TypeForHelpTitlePageCenter"}, {"py/object": "Sto.Title.ForHelpTitlePageCenter", "_text": "", "_type": "TypeForHelpTitlePageCenter"}, {"py/object": "Sto.Title.ForHelpTitlePageCenter", "_text": "", "_type": "TypeForHelpTitlePageCenter"}, {"py/object": "Sto.Title.ForHelpTitlePageCenter", "_text": "", "_type": "TypeForHelpTitlePageCenter"}, {"py/object": "Sto.Title.JobTitle", "_text": "\u041e\u0422\u0427\u0415\u0422 \u041f\u041e \u041b\u0410\u0411\u041e\u0420\u0410\u0422\u041e\u0420\u041d\u041e\u0419 \u0420\u0410\u0411\u041e\u0422\u0415 \u21161", "_type": "JobTitle"}, {"py/object": "Sto.Title.ForHelpTitlePageCenter", "_text": "", "_type": "TypeForHelpTitlePageCenter"}, {"py/object": "Sto.Title.DepartmentAndSubject", "_text": "\u041e\u0441\u043d\u043e\u0432\u043d\u044b\u0435 \u043a\u043e\u043d\u0441\u0442\u0440\u0443\u043a\u0446\u0438\u0438 \u044f\u0437\u044b\u043a\u0430 C#", "_type": "DepartmentAndSubject"}, {"py/object": "Sto.Title.Subscript", "_text": "\u0442\u0435\u043c\u0430", "_type": "Subscript"}, {"py/object": "Sto.Title.ForHelpTitlePageCenter", "_text": "", "_type": "TypeForHelpTitlePageCenter"}, {"py/object": "Sto.Title.ForHelpTitlePageCenter", "_text": "", "_type": "TypeForHelpTitlePageCenter"}, {"py/object": "Sto.Title.ForHelpTitlePageCenter", "_text": "", "_type": "TypeForHelpTitlePageCenter"}, {"py/object": "Sto.Title.ForHelpTitlePageCenter", "_text": "", "_type": "TypeForHelpTitlePageCenter"}, {"py/object": "Sto.Title.ForHelpTitlePageCenter", "_text": "", "_type": "TypeForHelpTitlePageCenter"}, {"py/object": "Sto.Title.ForHelpTitlePageCenter", "_text": "", "_type": "TypeForHelpTitlePageCenter"}, {"py/object": "Sto.Title.ForHelpTitlePageCenter", "_text": "", "_type": "TypeForHelpTitlePageCenter"}, {"py/object": "Sto.Title.ForHelpTitlePageCenter", "_text": "", "_type": "TypeForHelpTitlePageCenter"}, {"py/object": "Sto.Title.TeacherAndStudent", "_text": "\u0442\u0430\u0431\u043b\u0438\u0446\u0430", "_type": "TeacherAndStudent", "_table": ["\u041f\u0440\u0435\u043f\u043e\u0434\u0430\u0432\u0430\u0442\u0435\u043b\u044c", " ", "\u0410. \u0410. \u0427\u0438\u043a\u0438\u0437\u043e\u0432", " ", "\u043f\u043e\u0434\u043f\u0438\u0441\u044c, \u0434\u0430\u0442\u0430", "\u0438\u043d\u0438\u0446\u0438\u0430\u043b\u044b, \u0444\u0430\u043c\u0438\u043b\u0438\u044f", "\u0421\u0442\u0443\u0434\u0435\u043d\u0442 \u041a\u041818-16\u0431  031831229", " ", "\u0412. \u0410. \u041f\u0440\u0435\u043a\u0435\u043b\u044c", "\u043d\u043e\u043c\u0435\u0440 \u0433\u0440\u0443\u043f\u043f\u044b, \u0437\u0430\u0447\u0435\u0442\u043d\u043e\u0439 \u043a\u043d\u0438\u0436\u043a\u0438", "\u043f\u043e\u0434\u043f\u0438\u0441\u044c, \u0434\u0430\u0442\u0430", "\u0438\u043d\u0438\u0446\u0438\u0430\u043b\u044b, \u0444\u0430\u043c\u0438\u043b\u0438\u044f"]}, {"py/object": "Sto.Title.ForHelpTitlePageCenter", "_text": "", "_type": "TypeForHelpTitlePageCenter"}, {"py/object": "Sto.Title.ForHelpTitlePageCenter", "_text": "", "_type": "TypeForHelpTitlePageCenter"}, {"py/object": "Sto.Title.ForHelpTitlePageCenter", "_text": "", "_type": "TypeForHelpTitlePageCenter"}, {"py/object": "Sto.Title.ForHelpTitlePageCenter", "_text": "", "_type": "TypeForHelpTitlePageCenter"}, {"py/object": "Sto.Title.ForHelpTitlePageCenter", "_text": "", "_type": "TypeForHelpTitlePageCenter"}, {"py/object": "Sto.Title.ForHelpTitlePageCenter", "_text": "", "_type": "TypeForHelpTitlePageCenter"}, {"py/object": "Sto.Title.ForHelpTitlePageCenter", "_text": "", "_type": "TypeForHelpTitlePageCenter"}, {"py/object": "Sto.Title.ForHelpTitlePageCenter", "_text": "", "_type": "TypeForHelpTitlePageCenter"}, {"py/object": "Sto.Title.ForHelpTitlePageCenter", "_text": "", "_type": "TypeForHelpTitlePageCenter"}, {"py/object": "Sto.Title.ForHelpTitlePageCenter", "_text": "", "_type": "TypeForHelpTitlePageCenter"}, {"py/object": "Sto.Title.ForHelpTitlePageCenter", "_text": "\u041a\u0440\u0430\u0441\u043d\u043e\u044f\u0440\u0441\u043a 2020", "_type": "TypeForHelpTitlePageCenter"}]}, "_headings": [{"py/object": "Sto.Heading.Heading", "_text": "\u0417\u0430\u0434\u0430\u043d\u0438\u0435", "_type": "Heading", "_paragraphs": [{"py/object": "Sto.Paragraph.Paragraph", "_text": "\u0412\u044b\u0447\u0438\u0441\u043b\u0438\u0442\u044c \u0438 \u0432\u044b\u0432\u0435\u0441\u0442\u0438 \u043d\u0430 \u044d\u043a\u0440\u0430\u043d \u0432 \u0432\u0438\u0434\u0435 \u0442\u0430\u0431\u043b\u0438\u0446\u044b \u0437\u043d\u0430\u0447\u0435\u043d\u0438\u044f \u0444\u0443\u043d\u043a\u0446\u0438\u0438, \u0437\u0430\u0434\u0430\u043d\u043d\u043e\u0439 \u0441 \u043f\u043e\u043c\u043e\u0449\u044c\u044e \u0440\u044f\u0434\u0430 \u0422\u0435\u0439\u043b\u043e\u0440\u0430, \u043d\u0430 \u0438\u043d\u0442\u0435\u0440\u0432\u0430\u043b\u0435 \u043e\u0442 \u0425\u043d\u0430\u0447 \u0434\u043e \u0425\u043a\u043e\u043d \u0441 \u0448\u0430\u0433\u043e\u043c dx \u0441 \u0442\u043e\u0447\u043d\u043e\u0441\u0442\u044c\u044e e. \u0422\u0430\u0431\u043b\u0438\u0446\u0443 \u0441\u043d\u0430\u0431\u0434\u0438\u0442\u044c \u0437\u0430\u0433\u043e\u043b\u043e\u0432\u043a\u043e\u043c \u0438 \u0448\u0430\u043f\u043a\u043e\u0439. \u041a\u0430\u0436\u0434\u0430\u044f \u0441\u0442\u0440\u043e\u043a\u0430 \u0442\u0430\u0431\u043b\u0438\u0446\u044b \u0434\u043e\u043b\u0436\u043d\u0430 \u0441\u043e\u0434\u0435\u0440\u0436\u0430\u0442\u044c \u0437\u043d\u0430\u0447\u0435\u043d\u0438\u0435 \u0430\u0440\u0433\u0443\u043c\u0435\u043d\u0442\u0430, \u0437\u043d\u0430\u0447\u0435\u043d\u0438\u0435 \u0444\u0443\u043d\u043a\u0446\u0438\u0438 \u0438 \u043a\u043e\u043b\u0438\u0447\u0435\u0441\u0442\u0432\u043e \u043f\u0440\u043e\u0441\u0443\u043c\u043c\u0438\u0440\u043e\u0432\u0430\u043d\u043d\u044b\u0445 \u0447\u043b\u0435\u043d\u043e\u0432 \u0440\u044f\u0434\u0430.", "_type": "Paragraph"}, {"py/object": "Sto.Picture.Picture", "_text": "pic1.png", "_type": "Picture"}, {"py/object": "Sto.Picture.PictureDescription", "_text": "\u0417\u0430\u0434\u0430\u043d\u0438\u0435, \u0432\u0430\u0440\u0438\u0430\u043d\u0442 11", "_type": "PictureDescription"}, {"py/object": "Sto.Paragraph.Paragraph", "_text": "", "_type": "Paragraph"}], "_level": 1}, {"py/object": "Sto.Heading.Heading", "_text": "\u0418\u0441\u0445\u043e\u0434\u043d\u044b\u0439 \u043a\u043e\u0434 \u043e\u0441\u043d\u043e\u0432\u043d\u043e\u0433\u043e \u0430\u043b\u0433\u043e\u0440\u0438\u0442\u043c\u0430", "_type": "Heading", "_paragraphs": [{"py/object": "Sto.Paragraph.Paragraph", "_text": "", "_type": "Paragraph"}, {"py/object": "Sto.Listing.ListingDescription", "_text": "Lab01/CSharpLabs.Lab01.Core/InverseHyperbolicCotangent/ArcothAvx.cs", "_type": "ListingDescription"}, {"py/object": "Sto.Listing.Listing", "_text": "using System;\nusing System.Runtime.Intrinsics;\nusing System.Runtime.Intrinsics.X86;\n\nnamespace CSharpLabs.Lab01.Core.InverseHyperbolicCotangent\n{\n    public class ArcothAvx : AbstractArcoth\n    {\n        protected override unsafe double CalculateImpl(double x, double stepThreshold, int maxN)\n        {\n            if (!Avx.IsSupported)\n            {\n                Status = TaylorSeriesStatus.NotSupported;\n                return Double.NaN;\n            }\n\n            const int vectorSize = 256 / 8 / sizeof(double);\n\n            // v8888 <- (8, 8, 8, 8)\n            var value8 = 8.0;\n            var v8888 = Avx.BroadcastScalarToVector256(&value8);\n\n            // xPow8 <- (x^8, x^8, x^8, x^8)\n            var xPow8 = Avx.BroadcastScalarToVector256(&x);\n            xPow8 = Avx.Multiply(xPow8, xPow8);\n            xPow8 = Avx.Multiply(xPow8, xPow8);\n            xPow8 = Avx.Multiply(xPow8, xPow8);\n\n            // up <- (x^(-1), x^(-3), x^(-5), x^(-7))\n            var upSa = stackalloc double[vectorSize];\n            var xDiv2iPlus1 = 1 / x;\n            for (var i = 0; i < vectorSize; i++)\n            {\n                upSa[i] = xDiv2iPlus1;\n                xDiv2iPlus1 /= x * x;\n            }\n\n            var up = Avx.LoadVector256(upSa);\n\n            // down <- (1, 3, 5, 7)\n            var downSa = stackalloc double[vectorSize] {1, 3, 5, 7};\n            var down = Avx.LoadVector256(downSa);\n\n            // sum <- (0, 0, 0, 0)\n            var sum = Vector256<double>.Zero;\n\n            N = 0;\n            while (N < maxN)\n            {\n                // div <- up / down\n                var div = Avx.Divide(up, down);\n                // sum <- sum + div\n                sum = Avx.Add(sum, div);\n                // div = (x1, x2, x3, last)\n                var last = div.GetElement(vectorSize - 1);\n                N += vectorSize;\n                if (Math.Abs(last) < stepThreshold)\n                {\n                    break;\n                }\n\n                // up <- up / (x^8, x^8, x^8, x^8)\n                up = Avx.Divide(up, xPow8);\n                // down <- down + (8, 8, 8, 8)\n                down = Avx.Add(down, v8888);\n            }\n\n            var resultSa = stackalloc double[vectorSize];\n            Avx.Store(resultSa, sum);\n\n            Status = N >= maxN ? TaylorSeriesStatus.TooManyIterations : TaylorSeriesStatus.Success;\n\n            return resultSa[0] + resultSa[1] + resultSa[2] + resultSa[3];\n        }\n    }\n}\n", "_type": "Listing"}, {"py/object": "Sto.Paragraph.Paragraph", "_text": "", "_type": "Paragraph"}], "_level": 1}], "_resources_list": null, "_attachments": []}