{"py/object": "Sto.StoDocument.StoDocument", "_title_page": {"py/object": "Sto.Title.TitlePage", "_paragraphs": [{"py/object": "Sto.Title.ForHelpTitlePageCenter", "_text": "\u0424\u0435\u0434\u0435\u0440\u0430\u043b\u044c\u043d\u043e\u0435 \u0433\u043e\u0441\u0443\u0434\u0430\u0440\u0441\u0442\u0432\u0435\u043d\u043d\u043e\u0435 \u0430\u0432\u0442\u043e\u043d\u043e\u043c\u043d\u043e\u0435", "_type": "TypeForHelpTitlePageCenter"}, {"py/object": "Sto.Title.ForHelpTitlePageCenter", "_text": "\u043e\u0431\u0440\u0430\u0437\u043e\u0432\u0430\u0442\u0435\u043b\u044c\u043d\u043e\u0435 \u0443\u0447\u0440\u0435\u0436\u0434\u0435\u043d\u0438\u0435", "_type": "TypeForHelpTitlePageCenter"}, {"py/object": "Sto.Title.ForHelpTitlePageCenter", "_text": "\u0432\u044b\u0441\u0448\u0435\u0433\u043e \u043e\u0431\u0440\u0430\u0437\u043e\u0432\u0430\u043d\u0438\u044f", "_type": "TypeForHelpTitlePageCenter"}, {"py/object": "Sto.Title.ForHelpTitlePageCenter", "_text": "\u00ab\u0421\u0418\u0411\u0418\u0420\u0421\u041a\u0418\u0419 \u0424\u0415\u0414\u0415\u0420\u0410\u041b\u042c\u041d\u042b\u0419 \u0423\u041d\u0418\u0412\u0415\u0420\u0421\u0418\u0422\u0415\u0422\u00bb", "_type": "TypeForHelpTitlePageCenter"}, {"py/object": "Sto.Title.ForHelpTitlePageCenter", "_text": "", "_type": "TypeForHelpTitlePageCenter"}, {"py/object": "Sto.Title.DepartmentAndSubject", "_text": "\u0418\u043d\u0441\u0442\u0438\u0442\u0443\u0442 \u041a\u043e\u0441\u043c\u0438\u0447\u0435\u0441\u043a\u0438\u0445 \u0438 \u0438\u043d\u0444\u043e\u0440\u043c\u0430\u0446\u0438\u043e\u043d\u043d\u044b\u0445 \u0442\u0435\u0445\u043d\u043e\u043b\u043e\u0433\u0438\u0439", "_type": "DepartmentAndSubject"}, {"py/object": "Sto.Title.Subscript", "_text": "\u0438\u043d\u0441\u0442\u0438\u0442\u0443\u0442", "_type": "Subscript"}, {"py/object": "Sto.Title.DepartmentAndSubject", "_text": "\u041a\u0430\u0444\u0435\u0434\u0440\u0430 \u00ab\u0418\u043d\u0444\u043e\u0440\u043c\u0430\u0442\u0438\u043a\u0430\u00bb", "_type": "DepartmentAndSubject"}, {"py/object": "Sto.Title.Subscript", "_text": "\u043a\u0430\u0444\u0435\u0434\u0440\u0430", "_type": "Subscript"}, {"py/object": "Sto.Title.ForHelpTitlePageCenter", "_text": "", "_type": "TypeForHelpTitlePageCenter"}, {"py/object": "Sto.Title.ForHelpTitlePageCenter", "_text": "", "_type": "TypeForHelpTitlePageCenter"}, {"py/object": "Sto.Title.ForHelpTitlePageCenter", "_text": "", "_type": "TypeForHelpTitlePageCenter"}, {"py/object": "Sto.Title.ForHelpTitlePageCenter", "_text": "", "_type": "TypeForHelpTitlePageCenter"}, {"py/object": "Sto.Title.ForHelpTitlePageCenter", "_text": "", "_type": "TypeForHelpTitlePageCenter"}, {"py/object": "Sto.Title.ForHelpTitlePageCenter", "_text": "", "_type": "TypeForHelpTitlePageCenter"}, {"py/object": "Sto.Title.ForHelpTitlePageCenter", "_text": "", "_type": "TypeForHelpTitlePageCenter"}, {"py/object": "Sto.Title.ForHelpTitlePageCenter", "_text": "", "_type": "TypeForHelpTitlePageCenter"}, {"py/object": "Sto.Title.ForHelpTitlePageCenter", "_text": "", "_type": "TypeForHelpTitlePageCenter"}, {"py/object": "Sto.Title.ForHelpTitlePageCenter", "_text": "", "_type": "TypeForHelpTitlePageCenter"}, {"py/object": "Sto.Title.JobTitle", "_text": "\u041e\u0422\u0427\u0415\u0422 \u041f\u041e \u041b\u0410\u0411\u041e\u0420\u0410\u0422\u041e\u0420\u041d\u041e\u0419 \u0420\u0410\u0411\u041e\u0422\u0415 \u21165", "_type": "JobTitle"}, {"py/object": "Sto.Title.ForHelpTitlePageCenter", "_text": "", "_type": "TypeForHelpTitlePageCenter"}, {"py/object": "Sto.Title.DepartmentAndSubject", "_text": "\u042f\u0437\u044b\u043a LINQ \u0438 \u043c\u0435\u0442\u043e\u0434\u044b-\u0440\u0430\u0441\u0448\u0438\u0440\u0435\u043d\u0438\u044f", "_type": "DepartmentAndSubject"}, {"py/object": "Sto.Title.Subscript", "_text": "\u0442\u0435\u043c\u0430", "_type": "Subscript"}, {"py/object": "Sto.Title.ForHelpTitlePageCenter", "_text": "", "_type": "TypeForHelpTitlePageCenter"}, {"py/object": "Sto.Title.ForHelpTitlePageCenter", "_text": "", "_type": "TypeForHelpTitlePageCenter"}, {"py/object": "Sto.Title.ForHelpTitlePageCenter", "_text": "", "_type": "TypeForHelpTitlePageCenter"}, {"py/object": "Sto.Title.ForHelpTitlePageCenter", "_text": "\u0412\u0430\u0440\u0438\u0430\u043d\u0442 11 (8+)", "_type": "TypeForHelpTitlePageCenter"}, {"py/object": "Sto.Title.ForHelpTitlePageCenter", "_text": "", "_type": "TypeForHelpTitlePageCenter"}, {"py/object": "Sto.Title.ForHelpTitlePageCenter", "_text": "", "_type": "TypeForHelpTitlePageCenter"}, {"py/object": "Sto.Title.ForHelpTitlePageCenter", "_text": "", "_type": "TypeForHelpTitlePageCenter"}, {"py/object": "Sto.Title.ForHelpTitlePageCenter", "_text": "", "_type": "TypeForHelpTitlePageCenter"}, {"py/object": "Sto.Title.TeacherAndStudent", "_text": "\u0442\u0430\u0431\u043b\u0438\u0446\u0430", "_type": "TeacherAndStudent", "_table": ["\u041f\u0440\u0435\u043f\u043e\u0434\u0430\u0432\u0430\u0442\u0435\u043b\u044c", " ", "\u0410. \u0410. \u0427\u0438\u043a\u0438\u0437\u043e\u0432", " ", "\u043f\u043e\u0434\u043f\u0438\u0441\u044c, \u0434\u0430\u0442\u0430", "\u0438\u043d\u0438\u0446\u0438\u0430\u043b\u044b, \u0444\u0430\u043c\u0438\u043b\u0438\u044f", "\u0421\u0442\u0443\u0434\u0435\u043d\u0442 \u041a\u041818-16\u0431  031831229", " ", "\u0412. \u0410. \u041f\u0440\u0435\u043a\u0435\u043b\u044c", "\u043d\u043e\u043c\u0435\u0440 \u0433\u0440\u0443\u043f\u043f\u044b, \u0437\u0430\u0447\u0435\u0442\u043d\u043e\u0439 \u043a\u043d\u0438\u0436\u043a\u0438", "\u043f\u043e\u0434\u043f\u0438\u0441\u044c, \u0434\u0430\u0442\u0430", "\u0438\u043d\u0438\u0446\u0438\u0430\u043b\u044b, \u0444\u0430\u043c\u0438\u043b\u0438\u044f"]}, {"py/object": "Sto.Title.ForHelpTitlePageCenter", "_text": "", "_type": "TypeForHelpTitlePageCenter"}, {"py/object": "Sto.Title.ForHelpTitlePageCenter", "_text": "", "_type": "TypeForHelpTitlePageCenter"}, {"py/object": "Sto.Title.ForHelpTitlePageCenter", "_text": "", "_type": "TypeForHelpTitlePageCenter"}, {"py/object": "Sto.Title.ForHelpTitlePageCenter", "_text": "", "_type": "TypeForHelpTitlePageCenter"}, {"py/object": "Sto.Title.ForHelpTitlePageCenter", "_text": "", "_type": "TypeForHelpTitlePageCenter"}, {"py/object": "Sto.Title.ForHelpTitlePageCenter", "_text": "", "_type": "TypeForHelpTitlePageCenter"}, {"py/object": "Sto.Title.ForHelpTitlePageCenter", "_text": "", "_type": "TypeForHelpTitlePageCenter"}, {"py/object": "Sto.Title.ForHelpTitlePageCenter", "_text": "", "_type": "TypeForHelpTitlePageCenter"}, {"py/object": "Sto.Title.ForHelpTitlePageCenter", "_text": "", "_type": "TypeForHelpTitlePageCenter"}, {"py/object": "Sto.Title.ForHelpTitlePageCenter", "_text": "", "_type": "TypeForHelpTitlePageCenter"}, {"py/object": "Sto.Title.ForHelpTitlePageCenter", "_text": "\u041a\u0440\u0430\u0441\u043d\u043e\u044f\u0440\u0441\u043a 2020", "_type": "TypeForHelpTitlePageCenter"}]}, "_headings": [{"py/object": "Sto.Heading.Heading", "_text": "\u0417\u0430\u0434\u0430\u043d\u0438\u0435", "_type": "Heading", "_paragraphs": [{"py/object": "Sto.Paragraph.Paragraph", "_text": "\u0412\u0430\u0440\u0438\u0430\u043d\u0442\u044b 8+", "_type": "Paragraph"}, {"py/object": "Sto.Paragraph.Paragraph", "_text": "", "_type": "Paragraph"}, {"py/object": "Sto.Paragraph.Paragraph", "_text": "\u0412\u0437\u044f\u0442\u044c \u0438\u0437 \u041b\u0430\u0431\u043e\u0440\u0430\u0442\u043e\u0440\u043d\u043e\u0439 \u0440\u0430\u0431\u043e\u0442\u044b 4, \u043f\u0435\u0440\u0435\u0434\u0435\u043b\u0430\u0442\u044c \u0437\u0430\u0434\u0430\u043d\u0438\u0435 \u043f\u043e \u0430\u043d\u0430\u043b\u043e\u0433\u0438\u0438 \u0438\u0437 \u0432\u0430\u0440\u0438\u0430\u043d\u0442\u0430 1-7", "_type": "Paragraph"}, {"py/object": "Sto.Paragraph.Paragraph", "_text": "\u0412\u043d\u0443\u0442\u0440\u0438 \u043a\u043b\u0430\u0441\u0441\u0430 \u043e\u0431\u044f\u0437\u0430\u0442\u0435\u043b\u044c\u043d\u043e \u0434\u043e\u043b\u0436\u0435\u043d \u0431\u044b\u0442\u044c \u043c\u0430\u0441\u0441\u0438\u0432, \u0434\u043e\u043b\u0436\u0435\u043d \u0431\u044b\u0442\u044c \u043c\u0435\u0442\u043e\u0434-\u0440\u0430\u0441\u0448\u0438\u0440\u0435\u043d\u0438\u044f \u043a\u043e\u0442\u043e\u0440\u044b\u0439 \u043e\u0431\u0440\u0430\u0431\u0430\u0442\u044b\u0432\u0430\u0435\u0442 \u044d\u043b\u0435\u043c\u0435\u043d\u0442\u044b \u0434\u0430\u043d\u043d\u043e\u0433\u043e \u043c\u0430\u0441\u0441\u0438\u0432\u0430, \u0441\u0430\u043c \u043c\u0435\u0442\u043e\u0434 \u0434\u043e\u043b\u0436\u0435\u043d \u0431\u044b\u0442\u044c \u0438\u0441\u043f\u043e\u043b\u044c\u0437\u043e\u0432\u0430\u043d \u0432 \u043e\u0434\u043d\u043e\u043c \u0438\u0437 \u0437\u0430\u043f\u0440\u043e\u0441\u043e\u0432. \u0422\u0430\u043a \u0436\u0435 \u0434\u043e\u043b\u0436\u0435\u043d \u0431\u044b\u0442\u044c \u0432\u0442\u043e\u0440\u043e\u0439 \u043a\u043b\u0430\u0441\u0441, \u0443 \u043a\u043e\u0442\u043e\u0440\u043e\u0433\u043e \u0435\u0441\u0442\u044c \u043e\u0431\u0449\u0435\u0435 \u043f\u043e\u043b\u0435 \u0441 \u043f\u0435\u0440\u0432\u044b\u043c. \u041f\u043e\u0441\u043b\u0435 \u0437\u0430\u043f\u043e\u043b\u043d\u0435\u043d\u0438\u044f \u0434\u0430\u043d\u043d\u044b\u0445 \u043f\u043e\u043a\u0430\u0437\u0430\u0442\u044c, \u043a\u0430\u043a \u0432\u044b \u043d\u0430\u0443\u0447\u0438\u043b\u0438\u0441\u044c \u0438\u0441\u043f\u043e\u043b\u044c\u0437\u043e\u0432\u0430\u0442\u044c LINQ \u043f\u0440\u0438 \u0440\u0430\u0431\u043e\u0442\u0435 \u0441 \u043f\u0435\u0440\u0435\u0447\u0438\u0441\u043b\u044f\u0435\u043c\u044b\u043c\u0438 \u0442\u0438\u043f\u0430\u043c\u0438. \u0421\u043e\u0431\u0441\u0442\u0432\u0435\u043d\u043d\u044b\u0435 \u0434\u043e\u0440\u0430\u0431\u043e\u0442\u043a\u0438 \u0438 \u0434\u0435\u043c\u043e\u043d\u0441\u0442\u0440\u0430\u0446\u0438\u044f \u0431\u043e\u043b\u0435\u0435 \u0433\u043b\u0443\u0431\u043e\u043a\u0438\u0445 \u0437\u043d\u0430\u043d\u0438\u0439 \u043f\u0440\u0438\u0432\u0435\u0442\u0441\u0442\u0432\u0443\u044e\u0442\u0441\u044f.", "_type": "Paragraph"}, {"py/object": "Sto.Paragraph.Paragraph", "_text": "", "_type": "Paragraph"}], "_level": 1}, {"py/object": "Sto.Heading.Heading", "_text": "\u0418\u0441\u0445\u043e\u0434\u043d\u044b\u0439 \u043a\u043e\u0434 \u043e\u0441\u043d\u043e\u0432\u043d\u043e\u0433\u043e \u0430\u043b\u0433\u043e\u0440\u0438\u0442\u043c\u0430", "_type": "Heading", "_paragraphs": [{"py/object": "Sto.Paragraph.Paragraph", "_text": "", "_type": "Paragraph"}, {"py/object": "Sto.Listing.ListingDescription", "_text": "CSharpLabs.Lab05\\CSharpLabs.Lab05.Console\\Program.cs", "_type": "ListingDescription"}, {"py/object": "Sto.Listing.Listing", "_text": "\u043f\u00bb\u0457using System;\nusing System.Linq;\nusing System.Text;\n\nusing CSharpLabs.Lab05.Core;\n\nConsole.OutputEncoding = Encoding.UTF8;\nvar random = new Random();\n\nvar services = Enumerable.Range(1, 10)\n    .Select(id => new Service($\"\u0420\u040e\u0420\u00b5\u0421\u0402\u0420\u0406\u0420\u0451\u0421\u0403 \u0432\u201e\u2013{id}\", id))\n    .ToList();\n\nvar cars = new[] {\"Volkswagen\", \"BMV\", \"Audi\", \"Mercedes-Benz\", \"Porsche\", \"Toyota\", \"Nissan\", \"Renault\"}\n    .Select(manufacturer => new Car(\n            manufacturer,\n            random.Next(1, services.Count + 1),\n            Enumerable.Range(0, 5)\n                .Select(_ => random.Next(1000000000) / 100.0)\n                .ToArray()\n        )\n    ).ToList();\nConsole.WriteLine(String.Join(\"\\n\", services));\nConsole.WriteLine();\n\nConsole.WriteLine(String.Join(\"\\n\", cars));\nConsole.WriteLine();\n\nvar q1 = cars\n    .Join(services, car => car.ServiceId, service => service.ServiceId,\n        (car, service) => new {car, service})\n    .OrderBy(carservice => carservice.car.Manufacturer);\nConsole.WriteLine(String.Join(\"\\n\", q1));\nConsole.WriteLine();\n\nvar q2 = services\n    .GroupJoin(cars, service => service.ServiceId, car => car.ServiceId,\n        (service, carsInService) => new\n            {Service = service, Cars = carsInService.OrderByDescending(car => car.AveragePrice())})\n    .Select(serviceWithCars =>\n        $\"{serviceWithCars.Service} Cars = [{String.Join(\"; \", serviceWithCars.Cars.Select(car => $\"{car.Manufacturer} {car.AveragePrice()}\"))}]\");\nConsole.WriteLine(String.Join(\"\\n\", q2));\nConsole.WriteLine();\n", "_type": "Listing"}, {"py/object": "Sto.Paragraph.Paragraph", "_text": "", "_type": "Paragraph"}, {"py/object": "Sto.Paragraph.Paragraph", "_text": "", "_type": "Paragraph"}, {"py/object": "Sto.Listing.ListingDescription", "_text": "CSharpLabs.Lab05\\CSharpLabs.Lab05.Core\\Car.cs", "_type": "ListingDescription"}, {"py/object": "Sto.Listing.Listing", "_text": "using System;\nusing System.Collections.Generic;\n\nnamespace CSharpLabs.Lab05.Core\n{\n    public record Car(string Manufacturer, int ServiceId, double[] Prices)\n    {\n        public override string ToString() =>\n            $\"Car {{ Manufacturer = {Manufacturer}, ServiceId = {ServiceId}, Prices = [{String.Join(\"; \", Prices)}] }}\";\n    }\n}\n", "_type": "Listing"}, {"py/object": "Sto.Paragraph.Paragraph", "_text": "", "_type": "Paragraph"}, {"py/object": "Sto.Paragraph.Paragraph", "_text": "", "_type": "Paragraph"}, {"py/object": "Sto.Listing.ListingDescription", "_text": "CSharpLabs.Lab05\\CSharpLabs.Lab05.Core\\CarExtension.cs", "_type": "ListingDescription"}, {"py/object": "Sto.Listing.Listing", "_text": "using System;\nusing System.Linq;\n\nnamespace CSharpLabs.Lab05.Core\n{\n    public static class CarExtension\n    {\n        public static double AveragePrice(this Car car) => Math.Round(car.Prices.Average() * 100) / 100;\n    }\n}\n", "_type": "Listing"}, {"py/object": "Sto.Paragraph.Paragraph", "_text": "", "_type": "Paragraph"}, {"py/object": "Sto.Paragraph.Paragraph", "_text": "", "_type": "Paragraph"}, {"py/object": "Sto.Listing.ListingDescription", "_text": "CSharpLabs.Lab05\\CSharpLabs.Lab05.Core\\Service.cs", "_type": "ListingDescription"}, {"py/object": "Sto.Listing.Listing", "_text": "namespace CSharpLabs.Lab05.Core\n{\n    public record Service(string Name, int ServiceId);\n}\n", "_type": "Listing"}, {"py/object": "Sto.Paragraph.Paragraph", "_text": "", "_type": "Paragraph"}], "_level": 1}], "_resources_list": null, "_attachments": []}