{"py/object": "Sto.StoDocument.StoDocument", "_title_page": {"py/object": "Sto.Title.TitlePage", "_paragraphs": [{"py/object": "Sto.Title.ForHelpTitlePageCenter", "_text": "\u0424\u0435\u0434\u0435\u0440\u0430\u043b\u044c\u043d\u043e\u0435 \u0433\u043e\u0441\u0443\u0434\u0430\u0440\u0441\u0442\u0432\u0435\u043d\u043d\u043e\u0435 \u0430\u0432\u0442\u043e\u043d\u043e\u043c\u043d\u043e\u0435", "_type": "TypeForHelpTitlePageCenter"}, {"py/object": "Sto.Title.ForHelpTitlePageCenter", "_text": "\u043e\u0431\u0440\u0430\u0437\u043e\u0432\u0430\u0442\u0435\u043b\u044c\u043d\u043e\u0435 \u0443\u0447\u0440\u0435\u0436\u0434\u0435\u043d\u0438\u0435", "_type": "TypeForHelpTitlePageCenter"}, {"py/object": "Sto.Title.ForHelpTitlePageCenter", "_text": "\u0432\u044b\u0441\u0448\u0435\u0433\u043e \u043e\u0431\u0440\u0430\u0437\u043e\u0432\u0430\u043d\u0438\u044f", "_type": "TypeForHelpTitlePageCenter"}, {"py/object": "Sto.Title.ForHelpTitlePageCenter", "_text": "\u00ab\u0421\u0418\u0411\u0418\u0420\u0421\u041a\u0418\u0419 \u0424\u0415\u0414\u0415\u0420\u0410\u041b\u042c\u041d\u042b\u0419 \u0423\u041d\u0418\u0412\u0415\u0420\u0421\u0418\u0422\u0415\u0422\u00bb", "_type": "TypeForHelpTitlePageCenter"}, {"py/object": "Sto.Title.ForHelpTitlePageCenter", "_text": "", "_type": "TypeForHelpTitlePageCenter"}, {"py/object": "Sto.Title.DepartmentAndSubject", "_text": "\u0418\u043d\u0441\u0442\u0438\u0442\u0443\u0442 \u041a\u043e\u0441\u043c\u0438\u0447\u0435\u0441\u043a\u0438\u0445 \u0438 \u0438\u043d\u0444\u043e\u0440\u043c\u0430\u0446\u0438\u043e\u043d\u043d\u044b\u0445 \u0442\u0435\u0445\u043d\u043e\u043b\u043e\u0433\u0438\u0439", "_type": "DepartmentAndSubject"}, {"py/object": "Sto.Title.Subscript", "_text": "\u0438\u043d\u0441\u0442\u0438\u0442\u0443\u0442", "_type": "Subscript"}, {"py/object": "Sto.Title.DepartmentAndSubject", "_text": "\u041a\u0430\u0444\u0435\u0434\u0440\u0430 \u00ab\u0418\u043d\u0444\u043e\u0440\u043c\u0430\u0442\u0438\u043a\u0430\u00bb", "_type": "DepartmentAndSubject"}, {"py/object": "Sto.Title.Subscript", "_text": "\u043a\u0430\u0444\u0435\u0434\u0440\u0430", "_type": "Subscript"}, {"py/object": "Sto.Title.ForHelpTitlePageCenter", "_text": "", "_type": "TypeForHelpTitlePageCenter"}, {"py/object": "Sto.Title.ForHelpTitlePageCenter", "_text": "", "_type": "TypeForHelpTitlePageCenter"}, {"py/object": "Sto.Title.ForHelpTitlePageCenter", "_text": "", "_type": "TypeForHelpTitlePageCenter"}, {"py/object": "Sto.Title.ForHelpTitlePageCenter", "_text": "", "_type": "TypeForHelpTitlePageCenter"}, {"py/object": "Sto.Title.ForHelpTitlePageCenter", "_text": "", "_type": "TypeForHelpTitlePageCenter"}, {"py/object": "Sto.Title.ForHelpTitlePageCenter", "_text": "", "_type": "TypeForHelpTitlePageCenter"}, {"py/object": "Sto.Title.ForHelpTitlePageCenter", "_text": "", "_type": "TypeForHelpTitlePageCenter"}, {"py/object": "Sto.Title.ForHelpTitlePageCenter", "_text": "", "_type": "TypeForHelpTitlePageCenter"}, {"py/object": "Sto.Title.ForHelpTitlePageCenter", "_text": "", "_type": "TypeForHelpTitlePageCenter"}, {"py/object": "Sto.Title.ForHelpTitlePageCenter", "_text": "", "_type": "TypeForHelpTitlePageCenter"}, {"py/object": "Sto.Title.JobTitle", "_text": "\u041e\u0422\u0427\u0415\u0422 \u041f\u041e \u041b\u0410\u0411\u041e\u0420\u0410\u0422\u041e\u0420\u041d\u041e\u0419 \u0420\u0410\u0411\u041e\u0422\u0415 \u21162", "_type": "JobTitle"}, {"py/object": "Sto.Title.ForHelpTitlePageCenter", "_text": "", "_type": "TypeForHelpTitlePageCenter"}, {"py/object": "Sto.Title.DepartmentAndSubject", "_text": "\u041b\u0430\u0431\u043e\u0440\u0430\u0442\u043e\u0440\u043d\u0430\u044f \u0440\u0430\u0431\u043e\u0442\u0430 2", "_type": "DepartmentAndSubject"}, {"py/object": "Sto.Title.Subscript", "_text": "\u0442\u0435\u043c\u0430", "_type": "Subscript"}, {"py/object": "Sto.Title.ForHelpTitlePageCenter", "_text": "", "_type": "TypeForHelpTitlePageCenter"}, {"py/object": "Sto.Title.ForHelpTitlePageCenter", "_text": "", "_type": "TypeForHelpTitlePageCenter"}, {"py/object": "Sto.Title.ForHelpTitlePageCenter", "_text": "", "_type": "TypeForHelpTitlePageCenter"}, {"py/object": "Sto.Title.ForHelpTitlePageCenter", "_text": "\u0412\u0430\u0440\u0438\u0430\u043d\u0442 11", "_type": "TypeForHelpTitlePageCenter"}, {"py/object": "Sto.Title.ForHelpTitlePageCenter", "_text": "", "_type": "TypeForHelpTitlePageCenter"}, {"py/object": "Sto.Title.ForHelpTitlePageCenter", "_text": "", "_type": "TypeForHelpTitlePageCenter"}, {"py/object": "Sto.Title.ForHelpTitlePageCenter", "_text": "", "_type": "TypeForHelpTitlePageCenter"}, {"py/object": "Sto.Title.ForHelpTitlePageCenter", "_text": "", "_type": "TypeForHelpTitlePageCenter"}, {"py/object": "Sto.Title.TeacherAndStudent", "_text": "\u0442\u0430\u0431\u043b\u0438\u0446\u0430", "_type": "TeacherAndStudent", "_table": ["\u041f\u0440\u0435\u043f\u043e\u0434\u0430\u0432\u0430\u0442\u0435\u043b\u044c", " ", "\u0410. \u0410. \u0427\u0438\u043a\u0438\u0437\u043e\u0432", " ", "\u043f\u043e\u0434\u043f\u0438\u0441\u044c, \u0434\u0430\u0442\u0430", "\u0438\u043d\u0438\u0446\u0438\u0430\u043b\u044b, \u0444\u0430\u043c\u0438\u043b\u0438\u044f", "\u0421\u0442\u0443\u0434\u0435\u043d\u0442 \u041a\u041818-16\u0431  031831229", " ", "\u0412. \u0410. \u041f\u0440\u0435\u043a\u0435\u043b\u044c", "\u043d\u043e\u043c\u0435\u0440 \u0433\u0440\u0443\u043f\u043f\u044b, \u0437\u0430\u0447\u0435\u0442\u043d\u043e\u0439 \u043a\u043d\u0438\u0436\u043a\u0438", "\u043f\u043e\u0434\u043f\u0438\u0441\u044c, \u0434\u0430\u0442\u0430", "\u0438\u043d\u0438\u0446\u0438\u0430\u043b\u044b, \u0444\u0430\u043c\u0438\u043b\u0438\u044f"]}, {"py/object": "Sto.Title.ForHelpTitlePageCenter", "_text": "", "_type": "TypeForHelpTitlePageCenter"}, {"py/object": "Sto.Title.ForHelpTitlePageCenter", "_text": "", "_type": "TypeForHelpTitlePageCenter"}, {"py/object": "Sto.Title.ForHelpTitlePageCenter", "_text": "", "_type": "TypeForHelpTitlePageCenter"}, {"py/object": "Sto.Title.ForHelpTitlePageCenter", "_text": "", "_type": "TypeForHelpTitlePageCenter"}, {"py/object": "Sto.Title.ForHelpTitlePageCenter", "_text": "", "_type": "TypeForHelpTitlePageCenter"}, {"py/object": "Sto.Title.ForHelpTitlePageCenter", "_text": "", "_type": "TypeForHelpTitlePageCenter"}, {"py/object": "Sto.Title.ForHelpTitlePageCenter", "_text": "", "_type": "TypeForHelpTitlePageCenter"}, {"py/object": "Sto.Title.ForHelpTitlePageCenter", "_text": "", "_type": "TypeForHelpTitlePageCenter"}, {"py/object": "Sto.Title.ForHelpTitlePageCenter", "_text": "", "_type": "TypeForHelpTitlePageCenter"}, {"py/object": "Sto.Title.ForHelpTitlePageCenter", "_text": "", "_type": "TypeForHelpTitlePageCenter"}, {"py/object": "Sto.Title.ForHelpTitlePageCenter", "_text": "\u041a\u0440\u0430\u0441\u043d\u043e\u044f\u0440\u0441\u043a 2020", "_type": "TypeForHelpTitlePageCenter"}]}, "_headings": [{"py/object": "Sto.Heading.Heading", "_text": "\u0417\u0430\u0434\u0430\u043d\u0438\u0435", "_type": "Heading", "_paragraphs": [{"py/object": "Sto.Paragraph.Paragraph", "_text": "\u041e\u043f\u0438\u0441\u0430\u0442\u044c \u043a\u043b\u0430\u0441\u0441 \u0434\u043b\u044f \u0440\u0430\u0431\u043e\u0442\u044b \u0441  \u043e\u0434\u043d\u043e\u043c\u0435\u0440\u043d\u044b\u043c \u043c\u0430\u0441\u0441\u0438\u0432\u043e\u043c:", "_type": "Paragraph"}, {"py/object": "Sto.Paragraph.Paragraph", "_text": "- \u043a\u043e\u043d\u0441\u0442\u0440\u0443\u043a\u0442\u043e\u0440, \u0437\u0430\u043f\u043e\u043b\u043d\u044f\u044e\u0449\u0438\u0439 \u0437\u0430\u0434\u0430\u043d\u043d\u043e\u0435 \u0432 \u0435\u0433\u043e \u043f\u0430\u0440\u0430\u043c\u0435\u0442\u0440\u0435 \u043a\u043e\u043b\u0438\u0447\u0435\u0441\u0442\u0432\u043e \u044d\u043b\u0435\u043c\u0435\u043d\u0442\u043e\u0432 \u043c\u0430\u0441\u0441\u0438\u0432\u0430 \u0437\u043d\u0430\u0447\u0435\u043d\u0438\u044f\u043c\u0438 \u0447\u043b\u0435\u043d\u043e\u0432 \u0440\u044f\u0434\u0430 \u0422\u0435\u0439\u043b\u043e\u0440\u0430 \u0434\u043b\u044f \u0444\u0443\u043d\u043a\u0446\u0438\u0438 ex \u0434\u043b\u044f \u0437\u0430\u0434\u0430\u043d\u043d\u043e\u0433\u043e \u0445.", "_type": "Paragraph"}, {"py/object": "Sto.Paragraph.Paragraph", "_text": "- \u043a\u043e\u043d\u0441\u0442\u0440\u0443\u043a\u0442\u043e\u0440, \u0432 \u043f\u0430\u0440\u0430\u043c\u0435\u0442\u0440\u0430\u0445 \u043a\u043e\u0442\u043e\u0440\u043e\u0433\u043e \u0437\u0430\u0434\u0430\u044e\u0442\u0441\u044f \u0437\u043d\u0430\u0447\u0435\u043d\u0438\u044f \u044d\u043b\u0435\u043c\u0435\u043d\u0442\u043e\u0432 \u043c\u0430\u0441\u0441\u0438\u0432\u0430 (\u043f\u0440\u043e\u0438\u0437\u0432\u043e\u043b\u044c\u043d\u043e\u0435 \u043a\u043e\u043b\u0438\u0447\u0435\u0441\u0442\u0432\u043e, \u0438\u0441\u043f\u043e\u043b\u044c\u0437\u043e\u0432\u0430\u0442\u044c params);", "_type": "Paragraph"}, {"py/object": "Sto.Paragraph.Paragraph", "_text": "- \u0441\u0432\u043e\u0439\u0441\u0442\u0432\u043e, \u0434\u043e\u0441\u0442\u0443\u043f\u043d\u043e\u0435 \u0442\u043e\u043b\u044c\u043a\u043e \u0434\u043b\u044f \u0447\u0442\u0435\u043d\u0438\u044f, \u0434\u043b\u044f \u043f\u043e\u043b\u0443\u0447\u0435\u043d\u0438\u044f \u043a\u043e\u043b\u0438\u0447\u0435\u0441\u0442\u0432\u0430 \u044d\u043b\u0435\u043c\u0435\u043d\u0442\u043e\u0432 \u043c\u0430\u0441\u0441\u0438\u0432\u0430;", "_type": "Paragraph"}, {"py/object": "Sto.Paragraph.Paragraph", "_text": "- \u043c\u0435\u0442\u043e\u0434, \u0432\u044b\u0447\u0438\u0441\u043b\u044f\u044e\u0449\u0438\u0439 \u0441\u0443\u043c\u043c\u0443 \u044d\u043b\u0435\u043c\u0435\u043d\u0442\u043e\u0432 \u043c\u0430\u0441\u0441\u0438\u0432\u0430, \u0440\u0430\u0441\u043f\u043e\u043b\u043e\u0436\u0435\u043d\u043d\u044b\u0445 \u043c\u0435\u0436\u0434\u0443 \u043f\u0435\u0440\u0432\u044b\u043c \u0438 \u043f\u043e\u0441\u043b\u0435\u0434\u043d\u0438\u043c \u043d\u0443\u043b\u0435\u0432\u044b\u043c\u0438 \u044d\u043b\u0435\u043c\u0435\u043d\u0442\u0430\u043c\u0438.", "_type": "Paragraph"}, {"py/object": "Sto.Paragraph.Paragraph", "_text": "\u0412\u044b\u0432\u043e\u0434 \u043d\u0430 \u044d\u043a\u0440\u0430\u043d \u0432\u044b\u043f\u043e\u043b\u043d\u044f\u0442\u044c \u0442\u043e\u043b\u044c\u043a\u043e \u0432 \u043c\u0435\u0442\u043e\u0434\u0435 Main \u043a\u043b\u0430\u0441\u0441\u0430-\u043a\u043b\u0438\u0435\u043d\u0442\u0430. \u041f\u0440\u043e\u0433\u0440\u0430\u043c\u043c\u0430 \u0434\u043e\u043b\u0436\u043d\u0430 \u0430\u0434\u0435\u043a\u0432\u0430\u0442\u043d\u043e \u0440\u0435\u0430\u0433\u0438\u0440\u043e\u0432\u0430\u0442\u044c \u043d\u0430 \u043e\u0448\u0438\u0431\u043a\u0438 \u043f\u043e\u043b\u044c\u0437\u043e\u0432\u0430\u0442\u0435\u043b\u044f \u0438 \u0440\u0430\u0437\u043b\u0438\u0447\u043d\u044b\u0435 \u0432\u0430\u0440\u0438\u0430\u043d\u0442\u044b \u0438\u0441\u0445\u043e\u0434\u043d\u044b\u0445 \u0434\u0430\u043d\u043d\u044b\u0445. \u0412\u0441\u0435 \u0442\u0435\u0441\u0442\u043e\u0432\u044b\u0435 \u0434\u0430\u043d\u043d\u044b\u0435 \u043f\u0440\u0435\u0434\u044a\u044f\u0432\u0438\u0442\u044c \u043f\u0440\u0435\u043f\u043e\u0434\u0430\u0432\u0430\u0442\u0435\u043b\u044e.", "_type": "Paragraph"}, {"py/object": "Sto.Paragraph.Paragraph", "_text": "", "_type": "Paragraph"}], "_level": 1}, {"py/object": "Sto.Heading.Heading", "_text": "\u0418\u0441\u0445\u043e\u0434\u043d\u044b\u0439 \u043a\u043e\u0434 \u043e\u0441\u043d\u043e\u0432\u043d\u043e\u0433\u043e \u0430\u043b\u0433\u043e\u0440\u0438\u0442\u043c\u0430", "_type": "Heading", "_paragraphs": [{"py/object": "Sto.Paragraph.Paragraph", "_text": "", "_type": "Paragraph"}, {"py/object": "Sto.Listing.ListingDescription", "_text": "CSharpLabs.Lab02/CSharpLabs.Lab02.Core/ArrayVar11.cs", "_type": "ListingDescription"}, {"py/object": "Sto.Listing.Listing", "_text": "using System;\nusing System.Collections.Generic;\nusing System.Linq;\n\nnamespace CSharpLabs.Lab02.Core\n{\n    public class ArrayVar11\n    {\n        public ArrayVar11(double x, int n)\n        {\n            Array = new double[n];\n            var up = 1d;\n            var down = 1d;\n            for (var i = 0; i < n; i++)\n            {\n                Array[i] = up / down;\n                up *= x;\n                down *= i + 1;\n            }\n        }\n\n        public ArrayVar11(IEnumerable<double> elements) => Array = elements.ToArray();\n\n        public ArrayVar11(params double[] elements)\n        {\n            Array = new double[elements.Length];\n            elements.CopyTo(Array, 0);\n        }\n\n        public double[] Array { get; }\n\n        public int Count => Array.Length;\n\n        public bool IsHasAtLeastTwoZeroes() => Array.Count(p => p == 0) >= 2;\n\n        public double SumFromFirstZeroToLastZeroLinq() =>\n            !IsHasAtLeastTwoZeroes()\n                ? throw new ApplicationException(\"\u041d\u0435\u0442 \u0434\u0432\u0443\u0445 \u043d\u0443\u043b\u0435\u0432\u044b\u0445 \u044d\u043b\u0435\u043c\u0435\u043d\u0442\u043e\u0432\")\n                : Array.SkipWhile(p => p != 0)\n                    .Reverse()\n                    .SkipWhile(p => p != 0)\n                    .Sum();\n\n        public double SumFromFirstZeroToLastZero()\n        {\n            if (!IsHasAtLeastTwoZeroes())\n            {\n                throw new ApplicationException(\"\u041d\u0435\u0442 \u0434\u0432\u0443\u0445 \u043d\u0443\u043b\u0435\u0432\u044b\u0445 \u044d\u043b\u0435\u043c\u0435\u043d\u0442\u043e\u0432\");\n            }\n\n            var s = 0d;\n            for (var i = System.Array.IndexOf(Array, 0);\n                i < System.Array.LastIndexOf(Array, 0);\n                i++)\n            {\n                s += Array[i];\n            }\n\n            return s;\n        }\n    }\n}\n", "_type": "Listing"}, {"py/object": "Sto.Paragraph.Paragraph", "_text": "", "_type": "Paragraph"}, {"py/object": "Sto.Listing.ListingDescription", "_text": "CSharpLabs.Lab02/CSharpLabs.Lab02.Console/Program.cs", "_type": "ListingDescription"}, {"py/object": "Sto.Listing.Listing", "_text": "using System;\nusing System.Linq;\nusing System.Text;\n\nusing CSharpLabs.Lab02.Core;\n\nnamespace CSharpLabs.Lab02.Console\n{\n    internal static class Program\n    {\n        private static ArrayVar11 Arr { get; set; } = null!;\n\n        private static void Main(string[] args)\n        {\n            System.Console.InputEncoding = Encoding.UTF8;\n            System.Console.OutputEncoding = Encoding.UTF8;\n\n            if (args.Length != 0)\n            {\n                System.Console.WriteLine(new ArrayVar11(args.Select(Double.Parse)).SumFromFirstZeroToLastZero());\n                return;\n            }\n\n            while (true)\n            {\n                try\n                {\n                    System.Console.WriteLine(\"\u0412\u0432\u0435\u0434\u0438\u0442\u0435 \u044d\u043b\u0435\u043c\u0435\u043d\u0442\u044b \u0447\u0435\u0440\u0435\u0437 \u043f\u0440\u043e\u0431\u0435\u043b: \");\n\n                    var line = System.Console.ReadLine();\n\n                    Arr = new ArrayVar11(line!\n                        .Split(new[] {\" \"}, StringSplitOptions.RemoveEmptyEntries)\n                        .Select(Double.Parse)\n                    );\n                    break;\n                }\n                catch (Exception e)\n                {\n                    System.Console.Error.WriteLine(e);\n                }\n            }\n\n            if (!Arr.IsHasAtLeastTwoZeroes())\n            {\n                System.Console.WriteLine(\"\u041d\u0435\u0442 \u0434\u0432\u0443\u0445 \u043d\u0443\u043b\u0435\u0439\");\n                Environment.Exit(1);\n            }\n\n            System.Console.WriteLine($\"\u0421\u0443\u043c\u043c\u0430 \u043c\u0435\u0436\u0434\u0443 \u043d\u0443\u043b\u0435\u0432\u044b\u043c\u0438 \u044d\u043b\u0435\u043c\u0435\u043d\u0442\u0430\u043c\u0438: {Arr.SumFromFirstZeroToLastZeroLinq()}\");\n        }\n    }\n}\n", "_type": "Listing"}, {"py/object": "Sto.Paragraph.Paragraph", "_text": "", "_type": "Paragraph"}], "_level": 1}, {"py/object": "Sto.Heading.Heading", "_text": "\u0420\u0435\u0437\u0443\u043b\u044c\u0442\u0430\u0442 \u0440\u0430\u0431\u043e\u0442\u044b \u043f\u0440\u043e\u0433\u0440\u0430\u043c\u043c\u044b", "_type": "Heading", "_paragraphs": [{"py/object": "Sto.Paragraph.Paragraph", "_text": "", "_type": "Paragraph"}, {"py/object": "Sto.Picture.Picture", "_text": "pic1.png", "_type": "Picture"}, {"py/object": "Sto.Picture.PictureDescription", "_text": "\u0417\u0430\u043f\u0443\u0441\u043a\u0438 1", "_type": "PictureDescription"}, {"py/object": "Sto.Paragraph.Paragraph", "_text": "", "_type": "Paragraph"}, {"py/object": "Sto.Picture.Picture", "_text": "pic2.png", "_type": "Picture"}, {"py/object": "Sto.Picture.PictureDescription", "_text": "\u0417\u0430\u043f\u0443\u0441\u043a 2", "_type": "PictureDescription"}, {"py/object": "Sto.Paragraph.Paragraph", "_text": "", "_type": "Paragraph"}, {"py/object": "Sto.Picture.Picture", "_text": "pic3.png", "_type": "Picture"}, {"py/object": "Sto.Picture.PictureDescription", "_text": "\u0417\u0430\u043f\u0443\u0441\u043a 3", "_type": "PictureDescription"}, {"py/object": "Sto.Paragraph.Paragraph", "_text": "", "_type": "Paragraph"}, {"py/object": "Sto.Picture.Picture", "_text": "pic4.png", "_type": "Picture"}, {"py/object": "Sto.Picture.PictureDescription", "_text": "\u0417\u0430\u043f\u0443\u0441\u043a \u0442\u0435\u0441\u0442\u043e\u0432", "_type": "PictureDescription"}, {"py/object": "Sto.Paragraph.Paragraph", "_text": "", "_type": "Paragraph"}], "_level": 1}], "_resources_list": null, "_attachments": []}